date;stations;gauge_mm;event_type;source;comment
22.V.1842;[Wrocław Główny, Wrocław Brochów];;opened;Lijewski;
22.V.1842;[Oława, Wrocław Brochów];;opened;Lijewski;
03.VIII.1842;[Oława, Brzeg];;opened;Lijewski;
XX.X.1842;[Berlin, Frankfurt (Oder)];;opened;;
29.V.1843;[Brzeg, Opole Zachodnie];;opened;Lijewski;
16.VIII.1843;[Berlin, Angermünde, Tantow, Szczecin];;opened;Lijewski;
29.X.1843;[Wrocław Świebodzki, Wrocław Muchobór, Jaworzyna Śląska, Świebodzice];;opened;Lijewski;
21.VII.1844;[Jaworzyna Śląska, Świdnica];;opened;Lijewski;
19.X.1844;[Wrocław Muchobór, Środa Śląska, Malczyce, Legnica];;opened;Lijewski;
15.VI.1845;[Warszawa Zachodnia, Warszawa Włochy, Pruszków, Milanówek, Grodzisk Mazowiecki];;opened;Lijewski;
1.X.1845;[Legnica, Chojnów, Bolesławiec];;opened;Lijewski;
15.X.1845;[Grodzisk Mazowiecki, Żyrardów, Skierniewice];;opened;Lijewski;
1.XI.1845;[Skierniewice, Łowicz];;opened;Lijewski;
2.XI.1845;[Opole Zachodnie, Opole Główne, Opole Groszowice, Gogolin, Kędzierzyn Koźle, Gliwice Łabędy, Gliwice];;opened;Lijewski;
15.XI.1845;[Gliwice, Zabrze, Ruda Chebzie, Świętochłowice];;opened;Lijewski;
1.I.1846;[Kędzierzyn Koźle, Nędza, Racibórz Markowice, Racibórz];;opened;Lijewski;
1.V.1846;[Szczecin, Szczecin Dąbie, Stargard Szczeciński];;opened;Lijewski;
1.IX.1846;[Bolesławiec, Zebrzydowa, Węgliniec, Ruszów, Jankowa Żagańska, Żary, Jasień, Lubsko, Gubinek, Guben];;opened;Lijewski;
XX.IX.1846;[Guben, Frankfurt (Oder)];;opened;Semaforek;
3.X.1846;[Świętochłowice, Chorzów Batory, Katowice, Katowice Szopienice Północne, Mysłowice];;opened;Lijewski;
13.X.1846;[Skierniewice, Rogów, Koluszki, Piotrków Trybunalski];;opened;Lijewski;
1.XI.1846;[Jankowa Żagańska, Żagań, Szprotawa, Niegosławice, Głogów];;opened;Lijewski;
15.XI.1846;[Węgliniec, Jędrzychowice];;opened;Lijewski;
13.XII.1846;[Piotrków Trybunalski, Radomsko, Częstochowa];;opened;Lijewski;
1.V.1847;[Racibórz, Chałupki];;opened;Lijewski;
XX.V.1847;[Wien, Přerov, Ostrava, Bogumin];;opened;;
25.VII.1847;[Brzeg, Lipowa Śląska, Grodków Śląski, Pakosławice];;opened;Lijewski;
10.VIII.1847;[Stargard Szczeciński, Choszczno, Dobiegniew];;opened;Lijewski;
1.IX.1847;[Jędrzychowice, Zgorzelec Ujazd, Zgorzelec Ujazd];;opened;Lijewski;
XX.IX.1847;[Zgorzelec Ujazd, Löbau, Dresden];;opened;Semaforek;
13.X.1847;[Mysłowice, Szczakowa, Trzebinia, Kraków Mydlinki, Kraków Główny];;opened;Lijewski;
13.XII.1847;[Częstochowa, Zawiercie, Ząbkowice Będzińskie];;opened;Lijewski;
1.IV.1848;[Ząbkowice Będzińskie, Strzemieszyce Południowe, Maczki, Szczakowa];;opened;Lijewski;
20.VI.1848;[Dobiegniew, Krzyż];;opened;Lijewski;
XX.VI.1848;[Löbau, Zittau];;opened;Semaforek;
1.VII.1848;[Krzyż, Wronki];;opened;Lijewski;
14.VII.1848;[Wronki, Szamotuły];;opened;Lijewski;
XX.VIII.1848;[Szamotuły, Rokietnica, Poznań (Dawny Dworzec)];;opened;Lijewski;
1.IX.1848;[Chałupki, Bogumin];;opened;Lijewski;
26.XI.1848;[Pakosławice, Nysa];;opened;Lijewski;
27.VII.1851;[Krzyż, Trzcianka, Piła, Białośliwie, Nakło nad Notecią, Bydgoszcz];;opened;Lijewski;
6.VIII.1852;[Bydgoszcz, Maksymilianowo, Terespol Pomorski, Laskowice Pomorskie, Twarda Góra, Smętowo, Morzeszczyn, Tczew, Pszczółki, Gdańsk Brama Wyżynna];;opened;Lijewski;
19.X.1852;[Malbork, Stare Pole, Elbląg, Bogaczewo, Słobity, Braniewo];;opened;Lijewski;
1.XII.1852;[Katowice, Katowice Ligota, Katowice Murcki];;opened;Lijewski;
1.III.1853;[Świebodzice, Wałbrzych Szczawienko, Wałbrzych Miasto];;opened;Lijewski;
2.VIII.1853;[Braniewo, Kobbelbude, Königsberg];;opened;Lijewski;
1.I.1855;[Racibórz, Pietrowice Wielkie, Baborów, Głubczyce];;opened;Lijewski;
1.I.1855;[Nędza, Sumina, Rydułtowy];;opened;Lijewski;
8.XI.1855;[Gliwice, Zabrze Wschód, Nowy Bytom, Ruda Chebzie];;opened;Lijewski;
4.XI.1855;[Świdnica, Dzierżoniów];;opened;Lijewski;
XX.XI.1855;[Ostrava Svinov, Opava Vychod];;opened;Semaforek;
17.XII.1855;[Bogumin, Zebrzydowice, Chybie, Czechowice Dziedzice, Bielsko Biała];;opened;Lijewski;
20.II.1856;[Kraków Główny, Kraków Bieżanów, Podłęże, Bochnia, Tarnów, Dębica];;opened;Lijewski;
1.III.1856;[Czechowice Dziedzice, Oświęcim, Chrzanów, Trzebinia];;opened;Lijewski;
1.X.1856;[Rydułtowy, Niedobczyce, Rybnik, Leszczyny, Orzesze Jaśkowice, Orzesze];;opened;Lijewski;
29.X.1856;[Wrocław Główny, Oborniki Śląskie, Żmigród, Rawicz, Bojanowo, Leszno, Stare Bojanowo, Kościan, Czempiń, Puszczykówko, Luboń koło Poznania, Poznań (Dawny Dworzec)];;opened;Lijewski;
16.XII.1856;[Legnica, Jawor, Strzegom, Jaworzyna Śląska];;opened;Lijewski;
29.XII.1856;[Orzesze, Mikołajów];;opened;Lijewski;
26.I.1857;[Kraków Bieżanów, Wieliczka];;opened;Lijewski;
XX.II.1857;[Tarnowskie Góry, Tarnowskie Góry Strzybnica, Tworóg Brynek, Zawadzkie];;opened;Lijewski;
12.X.1857;[Küstrin Kietz, Kostrzyn, Gorzów Wielkopolski, Strzelce Krajeńskie Wschód, Krzyż];;opened;Lijewski;
12.X.1857;[Tczew, Lisewo Malborskie, Szymankowo, Malbork Kałdowo, Malbork];;opened;Lijewski;
30.XII.1857;[Leszno, Wschowa, Grodziec Mały];;opened;Lijewski;
30.XII.1857;[Bytom Karb, Tarnowskie Góry Wąskotorowe, Tarnowskie Góry Lasowice];narrow-gauge;opened;Lijewski;
30.XII.1857;[Bytom Karb, Bytom, Chorzów Maciejkowice Wąskotorowe, Siemianowice Śląskie Wąskotorowe, Katowice Bogucice Wąskotorowe, Katowice Szopienice Wąskotorowe];narrow-gauge;opened;Lijewski;
30.XII.1857;[Bytom Karb, Orzegów, Nowy Bytom, Poręba];narrow-gauge;opened;Lijewski;
30.XII.1857;[Bytom Rozbark, Piekary Śląskie Szarlej];narrow-gauge;opened;Lijewski;
30.XII.1857;[Chorzów Maciejkowice Wąskotorowe, Brzeziny Śląskie];narrow-gauge;opened;Lijewski;
24.I.1858;[Opole Główne, Fosowskie, Zawadzkie];;opened;Lijewski;
18.V.1858;[Głogów, Grodziec Mały];;opened;Lijewski;
16.IX.1858;[Podłęże, Niepołomice];;opened;Lijewski;
1.XI.1858;[Dzierżoniów, Piława Górna, Ząbkowice Śląskie];;opened;Lijewski;
15.XI.1858;[Dębica, Rzeszów];;opened;Lijewski;
20.XII.1858;[Katowice Ligota, Mikołów];;opened;Lijewski;
XX.XII.1858;[Hradec Kralove, Jaromeř, Stara Paka, Železny Brod, Turnov];;opened;Semaforek;
XX.V.1859;[Turnov, Liberec];;opened;Semaforek;
1.VI.1859;[Stargard Szczeciński, Trąbki, Runowo, Łobez, Worowo, Świdwin, Białogard, Koszalin];;opened;Lijewski;
1.VI.1859;[Białogard, Karlino, Kołobrzeg];;opened;Lijewski;
25.VI.1859;[Mysłowice, Mysłowice Brzezinka, Nowy Bieruń];;opened;Lijewski;
24.VIII.1859;[Katowice Szopienice Północne, Sosnowiec Główny, Będzin, Dąbrowa Górnicza, Gołonóg, Ząbkowice Będzińskie];;opened;Lijewski;
15.IX.1859;[Ruda Chebzie, Bytom, Piekary Śląskie Szarlej, Radzionków, Tarnowskie Góry];;opened;Lijewski;
15.XI.1859;[Rzeszów, Łańcut, Przeworsk];;opened;Lijewski;
1.XII.1859;[Zittau, Kopaczów, Liberec];;opened;Lijewski;
XX.??.1859;[Sankt Petersburg, Pskov, Rezekne, Daugavpils];;opened;CHECK_AFONINA;
XX.VI.1860;[Königsberg, Insterburg, Stallupönen];;opened;Semaforek;
15.VIII.1860;[Chorzów Batory, Chorzów Miasto];;opened;Lijewski;
XX.VIII.1860;[Stallupönen, Eydtkuhnen];;opened;Semaforek;
4.XI.1860;[Przeworsk, Jarosław, Żurawica, Przemyśl];;opened;Lijewski;
24.X.1861;[Bydgoszcz, Toruń];;opened;Lijewski;
4.XI.1861;[Przemyśl, Medyka, Gródek Jagielloński, Lwów];;opened;Lijewski;
1.XII.1861;[Łowicz, Kutno];;opened;Lijewski;
XX.??.1861;[Daugavpils, Riga];;opened;Semaforek;
XX.??.1861;[Daugavpils, Turmont, Święciany, Dukszty, Ignalin, Podbrodzie, Bezdany, Wilno, Landwarów, Troki, Rudziszki Trockie, Orany, Porzecze, Grodno];;opened;Semaforek;Stacje pośrednie dodane na podstawie mapy Adama Honorego Kirkora "Mappa Kolei Żelaznych Rozchodzących się z Wilna".
XX.??.1861;[Landwarów, Zawiasy, Vievis, Kaunas, Virbalis, Eydtkuhnen];;opened;Semaforek;
4.XII.1862;[Kutno, Krośniewice, Włocławek, Nieszawa Waganiec, Aleksandrów Kujawski];;opened;Lijewski;
4.XII.1862;[Aleksandrów Kujawski, Toruń];;opened;Lijewski;
16.XII.1862;[Warszawa Wileńska, Zielonka, Wołomin, Tłuszcz, Małkinia, Łapy, Białystok, Sokółka, Kuźnica Białostocka, Grodno];;opened;Lijewski;
16.III.1863;[Szczecin Gumieńce, Grambow, Pasewalk];;opened;Lijewski;Stacja Stobno Szczecińskie poprawiona na Grambow
16.III.1863;[Oświęcim, Nowy Bieruń];;opened;Lijewski;
XX.VI.1865;[Insterburg, Tilsit];;opened;Semaforek;
16.VIII.1865;[Orzesze Jaśkowice, Łaziska];;opened;Lijewski;
20.IX.1865;[Zgorzelec Ujazd, Mikułowa, Lubań Śląski, Gryfów Śląski, Rybnica];;opened;Lijewski;
20.IX.1865;[Lubań Śląski, Węgliniec];;opened;Lijewski;
XX.IX.1865;[Königsberg, Pillau];;opened;Semaforek;
XX.XI.1865;[Praha, Mlada Boleslav, Turnov];;opened;Semaforek;
1.VII.1866;[Koluszki, Bedoń, Łódź Widzew, Łódź Fabryczna];;opened;Lijewski;
??.??.1866;[Warszawa Wschodnia, Warszawa Rembertów, Mińsk Mazowiecki, Siedlce, Łuków];;opened;Lijewski;
20.VIII.1866;[Rybnica, Jelenia Góra];;opened;Lijewski;
24.IX.1866;[Königsberg, Preußisch Eylau, Bartoszyce];;opened;Semaforek;
XX.IX.1866;[Lwów, Chodorów, Halicz, Stanisławów, Chryplin, Kołomyja, Śniatyn, Cernauti];;opened;Semaforek;
XX.IX.1866;[Berlin, Cottbus];;opened;Semaforek;
XX.XII.1866;[Siedlce, Łuków];;opened;Semaforek;
XX.??.1866;[Daugavpils, Druja, Polock, Vitebsk];;opened;Semaforek;
15.VIII.1867;[Jelenia Góra, Marciszów, Sędzisław, Kuźnice Świdnickie, Wałbrzych Fabryczny];;opened;Lijewski;
??.??.1867;[Łuków, Biała Podlaska, Terespol];;opened;Lijewski;
XX.X.1867;[Berlin, Küstrin Kietz];;opened;Semaforek;
1.X.1867;[Gdańsk, Gdańsk Nowy Port];;opened;Lijewski;
1.XI.1867;[Bartoszyce, Wiatrowiec Warmiński, Korsze, Kętrzyn];;opened;;
XX.XII.1867;[Cottbus, Horka, Zgorzelec Ujazd];;opened;Semaforek;
??.??.1867;[Aleksandrów Kujawski, Ciechocinek];;opened;Lijewski;
28.V.1868;[Wałbrzych Fabryczny, Wałbrzych Miasto];;opened;Lijewski;
28.V.1868;[Wrocław Nadodrze, Wrocław Psie Pole, Oleśnica];;opened;Lijewski;
XX.VIII.1868;[Jaromeř, Starkoč, Trutnov, Kralovec];;opened;Semaforek;
15.XI.1868;[Oleśnica, Namysłów, Kluczbork, Fosowskie];;opened;Lijewski;
15.XI.1868;[Tarnowskie Góry, Radzionków, Bytom, Chorzów Stary, Siemianowice Śląskie, Katowice Szopienice Północne, Katowice Janów, Katowice Murcki, Tychy, Pszczyna, Czechowice Dziedzice];;opened;Lijewski;
8.XII.1868;[Kętrzyn, Giżycko, Ełk];;opened;Lijewski;
XX.??.1868;[Chorzów Stary, Bytom Zachodni, Piekary Śląskie Szarlej];;opened;Semaforek;
XX.V.1869;[Bogumin, Orłowa, Karwina, Cieszyn Zachodni];;opened;Semaforek;
1.VII.1869;[Koszalin, Sławno, Słupsk];;opened;Lijewski;
XX.VII.1869;[Lwów, Krasne, Złoczów];;opened;Semaforek;
XX.VII.1869;[Krasne, Brody];;opened;Semaforek;
XX.X.1869;[Cernauti, Radauti, Suceava];;opened;Semaforek;
29.XII.1869;[Sędzisław, Kamienna Góra, Lubawka, Trutnov];;opened;Lijewski;
XX.XII.1869;[Suceava, Roman];;opened;Semaforek;
16.III.1870;[Wrocław Mikołajów, Wrocław Nadodrze];;opened;Lijewski;
24.VI.1870;[Łaziska, Tychy];;opened;Lijewski;
26.VI.1870;[Frankfurt (Oder), Kunowice, Rzepin, Toporów, Świebodzin, Zbąszyń, Nowy Tomyśl, Opalenica, Poznań];;opened;Lijewski;
26.VI.1870;[Guben, Gubin, Krosno Odrzańskie, Czerwieńsk, Sulechów, Zbąszyń];;opened;Lijewski;
1.VII.1870;[Gdańsk, Sopot];;opened;Lijewski;
1.IX.1870;[Sopot, Gdynia Główna, Reda, Wejherowo, Lębork, Słupsk];;opened;Lijewski;
XX.XII.1870;[Trutnov, Kunčice nad Labem];;opened;Semaforek;
XX.??.1870;[Moskva, Smolensk];;opened;Semaforek;
16.I.1871;[Piła, Złotów];;opened;Lijewski;
16.I.1871;[Tczew, Starogard Gdański];;opened;Lijewski;
XX.I.1871;[Cieszyn Zachodni, Čadca, Žilina];;opened;Semaforek;
XX.I.1871;[Ostrava, Frydek Mistek];;opened;Semaforek;
XX.I.1871;[Insterburg, Gerdauen];;opened;Semaforek;
XX.??.1870;[Terespol, Brześć nad Bugiem];;opened;Lijewski;
XX.VI.1871;[Chlumec nad Cidlinou, Ostromeř, Stara Paka, Martinice v Krkonošich, Kunčice nad Labem];;opened;Semaforek;
XX.VIII.1871;[Złoczów, Tarnopol];;opened;Semaforek;
XX.IX.1871;[Halle, Cottbus, Guben];;opened;Semaforek;
1.X.1871;[Legnica, Lubin, Rudna Gwizdanów, Głogów, Nowa Sól, Zielona Góra, Czerwieńsk];;opened;Lijewski;
1.X.1871;[Wrocław Główny, Boreczek, Strzelin];;opened;Lijewski;
XX.XI.1871;[Tarnopol, Borki Wielkie, Podwołoczyska];;opened;Semaforek;
1.XI.1871;[Ełk, Prostki];;opened;Lijewski;
10.XI.1871;[Oleśnica, Syców];;opened;Lijewski;
.XI.1871;[Złotów, Wierzchowo Człuchowskie, Chojnice];;opened;Lijewski;
20.XI.1871;[Toruń Mokre, Kowalewo Pomorskie, Wąbrzeźno, Jabłonowo Pomorskie];;opened;Lijewski;
XX.XI.1871;[Kunčice nad Labem, Vrchlabi];;opened;Semaforek;
27.XII.1871;[Gerdauen, Skandawa, Korsze, Sątopy Samulewo, Czerwonka];;opened;Lijewski;
31.XII.1871;[Żagań, Żary];;opened;Lijewski;
XX.XII.1871;[Trutnov, Svoboda nad Upou];;opened;Semaforek;
XX.??.1871;[Brześć nad Bugiem, Żabinka, Las, Orańczyce, Tkacze Repichy, Bereza Kartuska, Kosów Poleski, Iwacewicze, Baranowicze, Stołpce, Minsk, Orša, Smolensk];;opened;Semaforek;
XX.??.1871;[Kaišiadorys, Radiviliškis, Šiauliai, Liepaja];;opened;Semaforek;
XX.III.1872;[Syców, Kępno];;opened;Lijewski;
8.V.1872;[Przemyśl, Malhowice, Chyrów];;opened;Lijewski;
26.V.1872;[Poznań, Gniezno, Mogilno, Inowrocław, Nowa Wieś Wielka, Bydgoszcz];;opened;Lijewski;
26.V.1872;[Kępno, Wieruszów];;opened;Lijewski;
30.VI.1872;[Żary, Tuplice, Zasieki, Forst];;opened;Lijewski;
XX.VI.1872;[Forst, Cottbus];;opened;Semaforek;
1.VII.1872;[Chyrów, Krościenko, Ustrzyki Dolne];;opened;Lijewski;
1.IX.1872;[Strzelin, Henryków, Ziębice];;opened;Lijewski;
27.X.1872;[Gliwice, Zabrze Biskupice, Bytom];;opened;Lijewski;
27.X.1872;[Chorzów Stary, Chorzów Miasto];;opened;Lijewski;
12.XI.1872;[Ustrzyki Dolne, Zagórz, Komańcza];;opened;Lijewski;
XX.XI.1872;[Weißwasser, Bad Muskau];;opened;Semaforek;
1.XII.1872;[Jabłonowo Pomorskie, Biskupiec Pomorski, Iława, Ostróda];;opened;Lijewski;
1.XII.1872;[Czerwonka, Olsztyn];;opened;Lijewski;
XX.XII.1872;[Chyrów, Sambor, Drohobycz, Stryj];;opened;Semaforek;
XX.XII.1872;[Drohobycz, Borysław];;opened;Semaforek;
XX.XII.1872;[Komańcza, Nowy Łupków, Łupków];;opened;Lijewski;
XX.XII.1872;[Medzilaborce, Humenne, Satoraljaujhely];;opened;Semaforek;
XX.??.1872;[Olomouc, Milotice nad Opavou, Křnov, Opava Vychod];;opened;Semaforek;
XX.??.1872;[Nowa Wilejka, Oszmiana, Smorgonie, Mołodeczno, Olechnowicze, Minsk];;opened;Semaforek;Stacje pośrednie Oszmiana i Smorgonie dodane na podstawie mapy Zakładów Graficznych 1939.
XX.??.1872;[Minsk, Bobrujsk, Homel];;opened;Semaforek;
XX.??.1872;[Podwołoczyska, Voločiska, Ploskiriv, Žmerinka];;opened;Semaforek;
25.III.1873;[Inowrocław, Toruń];;opened;Lijewski;
15.IV.1873;[Starogard Gdański, Zblewo];;opened;Lijewski;
8.VI.1873;[Ziębice, Kamieniec Ząbkowicki, Bardo];;opened;Lijewski;
15.VIII.1873;[Chojnice, Czersk, Zblewo];;opened;Lijewski;
15.VIII.1873;[Olsztyn, Ostróda];;opened;Lijewski;
15.VIII.1873;[Toruń, Toruń Mokre];;opened;Lijewski;
XX.VIII.1873;[Brody, Radziwiłłów];;opened;Semaforek;
25.IX.1873;[Głubczyce, Pietrowice Głubczyckie, Křnov];;opened;Lijewski;
XX.X.1873;[Lwów, Stryj];;opened;Semaforek;
XX.XI.1873;[Šumperk, Hanušovice, Dolni Lipka, Lichkov];;opened;Semaforek;
XX.XI.1873;[Angermünde, Schwedt (Oder)];;opened;Semaforek;
XX.??.1873;[Brześć nad Bugiem, Czeremcha, Bielsk Podlaski, Białystok, Grajewo, Prostki];;opened;Lijewski;
XX.??.1873;[Brześć nad Bugiem, Zakrucin, Krymno, Kowel];;opened;Semaforek;
XX.??.1873;[Kowel, Kiwierce, Równe, Zdołbunów, Mohylany];;opened;Semaforek;
XX.??.1873;[Mohylany, Šhepetovka, Kiev];;opened;Semaforek;
XX.??.1873;[Daugavpils, Panevežys, Radiviliškis];;opened;Semaforek;
XX.I.1874;[Hradec Kralove, Tynište nad Orlici, Doudleby nad Orlici, Letohrad, Lichkov];;opened;Semaforek;
1.IV.1874;[Kamieniec Ząbkowicki, Ząbkowice Śląskie];;opened;Lijewski;
1.V.1874;[Rzepin, Czerwieńsk];;opened;Lijewski;
30.V.1874;[Łupków, Medzilaborce];;opened;Lijewski;
1.VI.1874;[Węgliniec, Bielawa Dolna, Horka];;opened;Lijewski;
1.VIII.1874;[Wrocław Główny, Wołów, Ścinawa, Rudna Gwizdanów];;opened;Lijewski;
21.IX.1874;[Bardo, Kłodzko];;opened;Lijewski;
XX.XI.1874;[Usti nad Orlici, Letohrad];;opened;Semaforek;
28.XII.1874;[Kamieniec Ząbkowicki, Otmuchów, Goświnowice];;opened;Lijewski;
XX.??.1874;[Radziwiłłów, Kamienica Wołyńska, Zdołbunów];;opened;Semaforek;
XX.I.1875;[Stryj, Dolina, Stanisławów];;opened;Semaforek;
2.I.1875;[Rzepin, Kostrzyn];;opened;Lijewski;
15.V.1875;[Legnica, Rokitki, Modła, Żagań, Bieniów, Jasień];;opened;Lijewski;
30.VI.1875;[Oleśnica, Grabowno Wielkie, Milicz, Krotoszyn, Koźmin Wielkopolski, Jarocin, Września, Gniezno];;opened;Lijewski;
XX.VI.1875;[Pogegen, Heydekrug, Memel];;opened;Semaforek;
XX.VII.1875;[Zgorzelec Ujazd, Hagenwerder, Zawidów, Frydlant, Raspenava, Liberec];;opened;Lijewski;Poprawione wg. Pod-Semaforkiem
XX.VII.1875;[Choceň, Tynište nad Orlici, Nachod, Mezimesti, Broumov];;opened;Semaforek;
1.VIII.1875;[Kłodzko, Bystrzyca Kłodzka];;opened;Lijewski;
5.IX.1875;[Bystrzyca Kłodzka, Międzylesie];;opened;Lijewski;
5.X.1875;[Międzylesie, Lichkov];;opened;Lijewski;
XX.X.1875;[Hagenwerder, Krzewina Zgorzelecka, Trzciniec Zgorzelecki, Zittau];;opened;;
XX.X.1875;[Tilsit, Pogegen];;opened;Semaforek;
1.XI.1875;[Nysa, Nowy Świętów, Głuchołazy];;opened;Lijewski;
XX.XII.1875;[Głuchołazy, Jindřichov ve Slezsku, Třemešna ve Slezsku, Křnov];;opened;Semaforek;
1.XII.1875;[Poznań, Środa Wielkopolska Miasto, Jarocin, Witaszyce, Pleszew, Ostrów Wielkopolski, Ostrzeszów, Kępno, Kluczbork];;opened;Lijewski;
XX.II.1876;[Vaclavice, Starkoč];;opened;Semaforek;
15.V.1876;[Ducherow, Usedom, Świnoujście];;opened;Lijewski;
12.VI.1876;[Nysa, Goświnowice];;opened;Lijewski;
15.VI.1876;[Nowy Świętów, Prudnik];;opened;Lijewski;
15.VIII.1876;[Prudnik, Racławice Śląskie, Głubczyce];;opened;Lijewski;
XX.VIII.1876;[Tarnów, Stróże, Nowy Sącz, Muszyna, Leluchów, Plaveč, Prešov];;opened;Lijewski;Poprawione wg. Pod-Semaforkiem
1.VIII.1876;[Malbork, Prabuty, Iława];;opened;Lijewski;
1.X.1876;[Iława, Zajączkowo Lubawskie, Montowo];;opened;Lijewski;
16.XI.1876;[Kostrzyn, Godków, Chojna];;opened;Lijewski;
1.XII.1876;[Racławice Śląskie, Kędzierzyn Koźle];;opened;Lijewski;
XX.??.1876;[Łuków, Dęblin];;opened;Lijewski;
??.??.1876;[Warszawa Główna, Warszawa Gdańska, Warszawa Praga, Warszawa Wschodnia];;opened;Lijewski;Poprawione wg. Pod-Semaforkiem
15.V.1877;[Chojna, Gryfino, Szczecin];;opened;Lijewski;
15.V.1877;[Montowo, Działdowo];;opened;Lijewski;
15.V.1877;[Wałbrzych Szczawienko, Szczawno Zdrój, Kuźnice Świdnickie, Boguszów Gorce Wschód, Mieroszów, Mezimesti];;opened;Lijewski;Poprawione wg. Pod-Semaforkiem
XX.??.1877;[Mława, Ciechanów, Nasielsk, Nowy Dwór Mazowiecki, Legionowo, Warszawa Gdańska, Wawer Wąskotorowy, Otwock, Pilawa, Garwolin, Dęblin, Puławy, Nałęczów, Lublin, Rejowiec, Chełm, Dorohusk, Luboml, Kowel];;opened;Bissaga;
1.IX.1877;[Działdowo, Mława];;opened;Lijewski;
1.XII.1877;[Runowo, Jankowo Pomorskie, Drawsko Pomorskie];;opened;Lijewski;
1.XI.1877;[Chojnice, Brzeźno Człuchowskie, Człuchów];;opened;Lijewski;Stacja pośrednia Brzeźno Człuchowskie dodana na podstawie Atlasu Kolejowego (https://www.atlaskolejowy.net/pl/pomorskie/?id=linia&poz=764).
1.XII.1877;[Drawsko Pomorskie, Złocieniec, Czaplinek];;opened;Lijewski;
16.I.1878;[Człuchów, Czarne];;opened;Lijewski;
15.V.1878;[Czarne, Szczecinek, Łubowo, Czaplinek];;opened;Lijewski;
18.VIII.1878;[Bielsko Biała, Żywiec];;opened;Lijewski;
1.X.1878;[Opole Główne, Opole Groszowice, Strzelce Opolskie];;opened;Lijewski;
1.X.1878;[Szczecinek, Słosinko, Miastko, Korzybie, Słupsk, Ustka];;opened;Lijewski;Słosinko dodane na podstawie Pod-Semaforkiem
15.XI.1878;[Korzybie, Sławno, Darłowo];;opened;Lijewski;
15.XI.1878;[Szczecinek, Grzmiąca, Białogard];;opened;Lijewski;
15.XI.1878;[Jabłonowo Pomorskie, Mełno, Grudziądz];;opened;Lijewski;
XX.XI.1878;[Insterburg, Darkehmen];;opened;Semaforek;
15.XI.1878;[Darkehmen, Gołdap];;opened;Lijewski;Derkehmen to dzisiaj Oziersk
15.V.1879;[Poznań, Oborniki Wielkopolskie, Rogoźno, Chodzież, Piła, Płytnica, Jastrowie, Szczecinek];;opened;Lijewski;
15.V.1879;[Strzelce Opolskie, Toszek];;opened;Lijewski;
1.VII.1879;[Gołdap, Olecko, Ełk];;opened;Lijewski;
15.VIII.1879;[Toszek, Pyskowice];;opened;Lijewski;
15.X.1879;[Kłodzko, Ścinawka Średnia, Nowa Ruda];;opened;Lijewski;
15.XI.1879;[Grudziądz, Laskowice Pomorskie];;opened;Lijewski;
15.XI.1879;[Železny Brod, Tanvald];;opened;Semaforek;
1.III.1880;[Pyskowice, Gliwice Łabędy];;opened;Lijewski;
15.V.1880;[Pyskowice, Zabrze Biskupice];;opened;Lijewski;
15.X.1880;[Wałbrzych, Jedlina Zdrój, Nowa Ruda];;opened;Lijewski;
XX.XII.1880;[Milotice nad Opavou, Vrbno pod Pradedem];;opened;Semaforek;
1.XI.1881;[Piła, Wałcz];;opened;;
10.XII.1881;[Opalenica, Grodzisk Wielkopolski];;opened;Lijewski;
1.I.1882;[Szczecin Dąbie, Goleniów, Nowogard, Wyszogóra, Płoty];;opened;Lijewski;
1.II.1882;[Płoty, Gryfice];;opened;Lijewski;
15.V.1882;[Jelenia Góra, Mysłakowice, Kowary];;opened;Lijewski;
25.V.1882;[Gryfice, Trzebiatów, Kołobrzeg];;opened;Lijewski;
1.VII.1882;[Toruń Mokre, Chełmża];;opened;Lijewski;
31.VIII.1882;[Stargard Szczeciński, Pyrzyce, Myślibórz, Dębno Lubuskie, Kostrzyn];;opened;Lijewski;
1.IX.1882;[Inowrocław, Inowrocław Mątwy];;opened;Lijewski;
1.XI.1882;[Chełmża, Kornatowo, Grudziądz];;opened;Lijewski;
1.XI.1882;[Bogaczewo, Pasłęk, Małdyty, Morąg];;opened;Lijewski;
XX.XI.1882;[Kralovec, Žacléř];;opened;Semaforek;
22.XII.1882;[Niedobczyce, Radlin, Wodzisław Śląski, Olza, Chałupki];;opened;Lijewski;
XX.??.1882;[Żabinka, Kobryń, Kamień Poleski, Drohiczyn, Janów Poleski, Pińsk];;opened;Semaforek;
1.VII.1883;[Kluczbork, Olesno];;opened;Lijewski;
XX.VII.1883;[Dolina, Wygoda];;opened;;
10.VIII.1883;[Strzelin, Kondratowice];;opened;Lijewski;
15.VIII.1883;[Grudziądz, Gardeja, Kwidzyn, Sztum, Malbork];;opened;Lijewski;
15.VIII.1883;[Laskowice Pomorskie, Wierzchucin, Tuchola, Chojnice];;opened;Lijewski;
15.VIII.1883;[Morąg, Olsztyn];;opened;Lijewski;
15.VIII.1883;[Kornatowo, Chełmno];;opened;Lijewski;
XX.X.1883;[Myślibórz, Głazów, Barlinek];;opened;Lijewski;
1.XII.1883;[Olsztyn, Szczytno];;opened;Lijewski;
10.XI.1883;[Kondratowice, Łagiewniki Dzierżoniowskie];;opened;Lijewski;
20.XI.1883;[Korzybie, Barnowo];;opened;Lijewski;
21x.IV.1884;[Tarnowskie Góry, Kalety];;opened;Lijewski;
20.V.1884;[Olesno, Lubliniec];;opened;Lijewski;
1.VI.1884;[Wrocław Główny, Kobierzyce];;opened;Lijewski;
XX.VII.1884;[Munina, Lubaczów];;opened;Semaforek;
6.VII.1884;[Lubaczów, Werchrata, Rawa Ruska];;opened;Lijewski;
XX.VII.1884;[Krystynopol, Sokal];;opened;Semaforek;
1.VIII.1884;[Oświęcim, Spytkowice, Skawina, Kraków Płaszów];;opened;Lijewski;
1.VIII.1884;[Zajączkowo Lubawskie, Lubawa];;opened;Lijewski;
15.VIII.1884;[Szczytno, Pupy, Ruciane Nida, Pisz];;opened;Lijewski;
15.VIII.1884;[Barnowo, Bytów];;opened;Lijewski;
20.VIII.1884;[Stróże, Gorlice Zagórzany, Jasło, Krosno, Sanok, Zagórz];;opened;Lijewski;
1.IX.1884;[Orzesze, Żory];;opened;Lijewski;
1.IX.1884;[Kobierzyce, Pustków Żurowski];;opened;Lijewski;
XX.IX.1884;[Fischhausen, Palmnicken];;opened;Semaforek;
1.X.1884;[Pszczółki, Sobowidz];;opened;Lijewski;
15.X.1884;[Lubliniec, Kalety];;opened;Lijewski;
15.X.1884;[Łagiewniki Dzierżoniowskie, Niemcza];;opened;Lijewski;
15.X.1884;[Legnica, Złotoryja];;opened;Lijewski;
1.XI.1884;[Gryfów Śląski, Mirsk];;opened;Lijewski;
1.XI.1884;[Olsztyn Gutkowo, Orneta];;opened;Lijewski;
1.XI.1884;[Braniewo, Pieniężno];;opened;Lijewski;
XX.XI.1884;[Chryplin, Pałahicze, Buczacz];;opened;Semaforek;
3.XI.1884;[Żywiec, Zwardoń, Čadca];;opened;Lijewski;
11.XI.1884;[Zittau, Sieniawka, Bogatynia, Markocice];750.0;opened;Lijewski;
22.XII.1884;[Sucha Beskidzka, Skawce, Kalwaria Zebrzydowska, Skawina];;opened;Lijewski;
16.XII.1884;[Żywiec, Sucha Beskidzka, Chabówka, Limanowa, Nowy Sącz];;opened;Lijewski;
XX.XII.1884;[Buczacz, Biała Czortkowska, Kopyczyńce, Husiatyn];;opened;Semaforek;
XX.??.1884;[Pińsk, Łuniniec];;opened;Semaforek;
XX.??.1884;[Wilno, Lida, Nowojelnia, Baranowicze, Hancewicze, Malkowicze, Dziatłowicze, Łuniniec];;opened;Semaforek;
XX.??.1885;[Dęblin, Bąkowiec, Radom, Skarżysko Kamienna, Kielce];;opened;Lijewski;
XX.??.1885;[Kielce, Jędrzejów, Tunel, Charsznica, Olkusz, Bukowno, Strzemieszyce Północne, Gołonóg];;opened;Lijewski;
8.IV.1885;[Zagórzany, Gorlice];;opened;Lijewski;
1.VI.1885;[Zbąszyń, Lutol Suchy, Międzyrzecz];;opened;Lijewski;
1.VII.1885;[Orneta, Pieniążno, Głębock, Korniewo];;opened;Lijewski;W bazie Pod-Semaforkiem zamiast [Głębock, Korniewo] jest [Zinten, Kobbelbude]
10.VII.1885;[Pustków Żurowski, Sobótka Zachodnia];;opened;Lijewski;
1.VIII.1885;[Sobowidz, Skarszewy];;opened;Lijewski;
15.X.1885;[Czempiń, Śrem];;opened;Lijewski;
15.X.1885;[Gryfów Śląski, Lwówek Śląski];;opened;Lijewski;
1.XI.1885;[Skarszewy, Kościerzyna];;opened;Lijewski;
1.XI.1885;[Bydgoszcz Wschód, Fordon];;opened;Lijewski;
16.XI.1885;[Pisz, Biała Piska, Ełk];;opened;Lijewski;W przeciwieństwie do Pod-Semaforkiem, u Lijewskiego nie ma na tym odcinku wymienionej Białej Piskiej.
14.XII.1885;[Bojanowo, Góra Śląska];;opened;Lijewski;
XX.XII.1885;[Königsberg, Cranz];;opened;Semaforek;
XX.XII.1885;[Cranz, Neukuhren];;opened;Semaforek;
XX.??.1885;[Koluszki, Tomaszów Mazowiecki, Opoczno, Końskie, Skarżysko Kamienna, Starachowice, Ostrowiec Świętokrzyski];;opened;Lijewski;
XX.??.1885;[Równe, Kostopol, Sarny];;opened;Semaforek;
XX.??.1885;[Łuniniec, Horyń, Dąbrowica, Sarny];;opened;Semaforek;
1.VII.1886;[Zbąszyń, Wolsztyn];;opened;Lijewski;
1.VIII.1886;[Pruszcz Gdański, Stara Piła, Żukowo Zachodnie];;opened;Lijewski;
15.IX.1886;[Żmigród, Wąsosz];;opened;Lijewski;
1.X.1886;[Szymankowo, Nowy Staw, Nowy Dwór Gdański];;opened;Lijewski;
23.X.1886;[Opalenica, Rudniki, Trzcianka Zachodnia];750.0;opened;Lijewski;
1.XI.1886;[Żukowo Zachodnie, Kartuzy];;opened;Lijewski;
1.XI.1886;[Jabłonowo Pomorskie, Brodnica];;opened;Lijewski;
1.XI.1886;[Wrocław Psie Pole, Brochocin Trzebnicki];;opened;Lijewski;
1.XII.1886;[Brochocin Trzebnicki, Trzebnica];;opened;Lijewski;
XX.XII.1886;[Kołomyja, Słoboda Rungurska Kopalnia];;opened;Semaforek;
XX.XII.1886;[Kołomyja Nadworniańskie Przedmieście, Szeparowce Kniażdwór];;opened;Semaforek;
15.XII.1886;[Gardeja, Łasin];;opened;Lijewski;
XX.??.1886;[Białystok, Krynki, Andrzejewicze, Wołkowysk];;opened;Lijewski;
XX.??.1886;[Wołkowysk, Słonim, Baranowicze];;opened;Semaforek;
XX.??.1886;[Łuniniec, Mikaszewicze, Mozyr, Homel];;opened;Semaforek;
XX.IV.1887;[Stryj, Ławoczne, Beskid];;opened;Semaforek;
1.IX.1887;[Poznań Wschodni, Swarzędz, Września];;opened;Lijewski;
1.IX.1887;[Brodnica, Tama Brodzka, Lidzbark];;opened;Lijewski;W przeciwieństwie do Pod-Semaforkiem, u Lijewskiego nie ma na tym odcinku wymienionej stacji Tama Brodzka.
1.X.1887;[Lidzbark, Działdowo];;opened;Lijewski;
1.X.1887;[Opole Zachodnie, Szydłów, Nysa];;opened;Lijewski;
1.X.1887;[Szydłów, Niemodlin, Gracze, Lipowa Śląska];;opened;Lijewski;
XX.X.1887;[Lwów, Żółkiew, Rawa Ruska];;opened;Semaforek;
23.X.1887;[Rawa Ruska, Hrebenne, Bełżec];;opened;Lijewski;
30.X.1887;[Dębica, Mielec, Tarnobrzeg, Sobów, Sandomierz];;opened;Lijewski;
30.X.1887;[Sobów, Grębów, Rozwadów];;opened;Lijewski;
1.XI.1887;[Gniezno, Mieleszyn, Janowiec Wielkopolski, Damasławek, Kcynia, Nakło nad Notecią];;opened;Lijewski;Ośno to dawna nazwa stacji Mieleszyn
15.XI.1887;[Olsztyn, Olsztynek];;opened;Lijewski;
1.XII.1887;[Międzyrzecz, Wierzbno, Międzychód];;opened;Lijewski;W przeciwieństwie do Pod-Semaforkiem, u Lijewskiego nie ma na tym odcinku wymienionej stacji Wierzbno.
XX.??.1887;[Strzemieszyce Północne, Kazimierz, Sosnowiec Południowy];;opened;Lijewski;
XX.??.1887;[Kazimierz, Maczki];;opened;Lijewski;
XX.??.1887;[Chełm, Włodawa, Brześć nad Bugiem];;opened;Lijewski;
XX.??.1887;[Siedlce, Sokołów Podlaski, Małkinia];;opened;Lijewski;
XX.??.1887;[Poręba, Zabrze];;opened;Lijewski;
1.I.1888;[Września, Strzałkowo];;opened;Lijewski;
26.II.1888;[Głuchołazy, Głuchołazy Zdrój, Mikulovice];;opened;Lijewski;
X.II.1888;[Mikulovice, Jesenik, Lipova Lazne];;opened;Semaforek;
1.III.1888;[Rokietnica, Pniewy];;opened;Lijewski;
1.VI.1888;[Bielsko Biała, Wadowice, Kalwaria Zebrzydowska Lanckorona];;opened;Lijewski;
1.VI.1888;[Bielsko Biała, Skoczów, Goleszów, Cieszyn Zachodni];;opened;Lijewski;
XX.VI.1888;[Cieszyn Zachodni, Frydek Mistek, Frydlant nad Ostravici, Valašske Meziřiči];;opened;Semaforek;
11.VIII.1888;[Międzychód, Pniewy];;opened;Lijewski;
1.IX.1888;[Wałcz, Kalisz Pomorski];;opened;Lijewski;
1.IX.1888;[Terespol Pomorski, Świecie nad Wisłą];;opened;Lijewski;
1.X.1888;[Olsztynek, Nidzica, Działdowo];;opened;Lijewski;
1.X.1888;[Leszno, Kąkolewo, Gostyń, Jarocin];;opened;Lijewski;W przeciwieństwie do Pod-Semaforkiem, u Lijewskiego nie ma na tym odcinku wymienionej stacji Kąkolewo.
1.X.1888;[Leszno, Karzec, Krobia, Kobylin, Krotoszyn, Ostrów Wielkopolski];;opened;Lijewski;
1.X.1888;[Gliwice, Zabrze Makoszowy, Gierałtowice, Orzesze];;opened;Lijewski;W przeciwieństwie do Pod-Semaforkiem, u Lijewskiego nie ma na tym odcinku wymienionej stacji Zabrze Makoszowy.
XX.XI.1888;[Hanušovice, Lipova Lazne];;opened;Semaforek;
XX.XI.1888;[Liberec, Jablonec nad Nisou];;opened;Semaforek;
1.XII.1888;[Rogoźno Wielkopolskie, Wągrowiec];;opened;Lijewski;
18.XII.1888;[Goleszów, Ustroń];;opened;Lijewski;
1.I.1889;[Inowrocław Mątwy, Kruszwica];;opened;Lijewski;
5.IV.1889;[Ścinawka Średnia, Tłumaczów, Broumov];;opened;Lijewski;
1.VI.1889;[Wągrowiec, Damasławek, Żnin, Barcin, Inowrocław];;opened;Lijewski;
1.VIII.1889;[Opole Główne, Jełowa, Namysłów];;opened;Lijewski;
1.X.1889;[Nowa Sól, Kożuchów];;opened;Lijewski;
XX.X.1889;[Königsberg, Labiau];;opened;Semaforek;
9.XI.1889;[Trzcianka Zachodnia, Brody Wąskotorowe];750.0;opened;Lijewski;
XX.??.1889;[Poprad Tatry, Studeny Potok, Kežmarok];;opened;Semaforek;
1.X.1890;[Kożuchów, Stypułów, Żagań];;opened;Lijewski;
1.X.1890;[Rokitki, Chocianów, Niegosławice];;opened;Lijewski;
12.X.1890;[Rzeszów, Strzyżów, Jasło];;opened;Lijewski;
1.XI.1890;[Rzepin, Ośno Lubuskie, Sulęcin];;opened;Lijewski;W przeciwieństwie do Pod-Semaforkiem, u Lijewskiego nie ma na tym odcinku wymienionej stacji Ośno Lubuskie.
XX.XI.1890;[Zittau, Bertsdorf, Kurort Oybin];750.0;opened;Semaforek;
XX.XI.1890;[Bertsdorf, Kurort Jonsdorf];750.0;opened;Semaforek;
1.XII.1890;[Strzegom, Roztoka, Bolków];;opened;Lijewski;
15.XII.1890;[Kłodzko Miasto, Polanica Zdrój, Szczytna Śląska];;opened;Lijewski;W przeciwieństwie do Pod-Semaforkiem, u Lijewskiego nie ma na tym odcinku wymienionej stacji Polanica Zdrój.
25.V.1891;[Dzierżoniów, Bielawa Zachodnia];;opened;Lijewski;
XX.VI.1891;[Tilsit, Heinrichswalde];;opened;Semaforek;
1.VIII.1891;[Jelenia Góra, Cieplice Zdrój];;opened;Lijewski;
XX.VIII.1891;[Labiau, Liebenfelde, Skaisgirren, Heinrichswalde];;opened;Semaforek;
XX.IX.1891;[Weißwasser, Forst];;opened;Semaforek;
1.XII.1891;[Kożuchów, Popęszyce];;opened;Lijewski;
15.XII.1891;[Grodków Śląski, Przeworno, Głęboka Śląska];;opened;Lijewski;
20.XII.1891;[Cieplice Zdrój, Piechowice];;opened;Lijewski;
XX.??.1891;[Beskid, Volóc, Bátyú];;opened;Semaforek;
1.I.1892;[Lubliniec, Herby Stare];;opened;Lijewski;
16.V.1892;[Popęszyce, Niegosławice];;opened;Lijewski;
1.VI.1892;[Sulęcin, Międzyrzecz];;opened;Lijewski;
XX.VI.1892;[Opava Vychod, Horni Benešov];;opened;Semaforek;
15.VII.1892;[Goleniów, Łoźnica, Wysoka Kamieńska, Kamień Pomorski];;opened;Lijewski;
15.VII.1892;[Wysoka Kamieńska, Recław, Wolin];;opened;Lijewski;W przeciwieństwie do Pod-Semaforkiem, u Lijewskiego nie ma na tym odcinku wymienionej stacji Recław.
15.X.1892;[Mogilno, Strzelno];;opened;Lijewski;
XX.XI.1892;[Tilsit, Ragnit];;opened;Semaforek;
XX.XI.1892;[Stallupönen, Pillkallen];;opened;Semaforek;
20.XII.1892;[Godków, Siekierki, Wriezen];;opened;Lijewski;
XX.??.1892;[Kežmarok, Spišska Bela];;opened;Semaforek;
1.V.1893;[Głęboka Śląska, Wiązów];;opened;Lijewski;
1.IX.1893;[Malbork, Myślice, Małdyty];;opened;Lijewski;
1.IX.1893;[Elbląg, Myślice, Miłomłyn, Ostróda];;opened;Lijewski;
25.X.1893;[Fordon, Unisław Pomorski, Chełmża];;opened;Lijewski;
1.XI.1893;[Wyszogóra, Resko Południowe];;opened;Lijewski;
1.XI.1893;[Otmuchów, Dziewiętlice, Bernartice u Javornika];;opened;Lijewski;
XX.XI.1893;[Pillkallen, Rautenburg];;opened;Semaforek;
XX.XII.1893;[Bardejov, Kapušany];;opened;Semaforek;
XX.??.1893;[Łapy, Czerwony Bór, Śniadowo, Ostrołęka, Ostrów Mazowiecka, Małkinia];;opened;Lijewski;
XX.??.1893;[Lublin, Lubartów, Parczew, Radzyń Podlaski, Łuków];;opened;Lijewski;
XX.??.1893;[Spišska Bela, Podolinec];;opened;Semaforek;
15.V.1894;[Strzelin, Głęboka Śląska];;opened;Lijewski;
1.VII.1894;[Chełmża, Kowalewo Pomorskie];;opened;Lijewski;
XX.VII.1894;[Świnoujście, Ahlbeck, Heringsdorf];;opened;Lijewski;W przeciwieństwie do Pod-Semaforkiem, u Lijewskiego nie ma na tym odcinku wymienionej stacji Ahlbeck.
1.VI.1894;[Żnin Wąskotorowy, Rydlewo, Biskupin, Rogowo];600.0;opened;Lijewski;Stacja pośrednia w Rydlewie dodana na podstawie Atlasu Kolejowego (https://www.atlaskolejowy.net/pl/kujawsko-pomorskie/?id=linia&poz=936).
1.VI.1894;[Biskupin, Szelejewo Wąskotorowe];600.0;opened;Lijewski;
1.VIII.1894;[Morąg, Orneta];;opened;Lijewski;
15.VIII.1894;[Słupsk, Dębnica Kaszubska];;opened;Lijewski;
1.X.1894;[Nakło nad Notecią, Więcbork, Sępólno Krajeńskie, Chojnice];;opened;Lijewski;
10.X.1894;[Lubliniec, Fosowskie];;opened;Lijewski;
XX.X.1894;[Rautenburg, Ragnit];;opened;Semaforek;
1.XI.1894;[Ostróda, Olsztynek];;opened;Lijewski;
15.XI.1894;[Niemcza, Piława Górna];;opened;Lijewski;
15.XI.1894;[Nowy Świętów, Sławniowice Nyskie];;opened;Lijewski;
XX.XI.1894;[Chryplin, Delatyn, Worochta, Woronienka];;opened;Semaforek;
XX.XI.1894;[Jablonec nad Nisou, Smržovka, Tanvald];;opened;Semaforek;
XX.XI.1894;[Smržovka, Josefuv Dul];;opened;Semaforek;
8.XII.1894;[Sulmierzyce, Przedkowice, Prusice];750.0;opened;Lijewski;Poprawione według danych z Pod-Semaforkiem oraz Atlasu Kolejowego - Sulmierzyce zamiast Żmigrodu.
XX.XII.1894;[Sighetul Marmatiei, Rahó, Körösmezo];;opened;Semaforek;
XX.??.1894;[Bielsk Podlaski, Hajnówka];;opened;Lijewski;
XX.??.1894;[Kiwierce, Łuck];;opened;Semaforek;
XX.??.1895;[Tarnowskie Góry Lasowice, Bibiela];;opened;Lijewski;
25.I.1895;[Gryfino, Chwarstnica, Swobnica];;opened;Lijewski;
12.V.1895;[Stargard Szczeciński, Stara Dąbrowa, Trąbki, Ińsko];1000.0;opened;Lijewski;Lijewski odnotowuje otwarcie fragmentu tej linii, ale w Pod-Semaforkiem jest podane więcej znajdujących się na niej stacji.
21.II.1895;[Białośliwie, Nieżychowo Zakłady Przemysłowe, Czajcze, Łobżenica];600.0;opened;Lijewski;
21.II.1895;[Czajcze, Wysoka Wąskotorowa];600.0;opened;Lijewski;
18.V.1895;[Bydgoszcz Wąskotorowa, Smukała, Morzewiec, Koronowo];600.0;opened;Lijewski;
12.V.1895;[Stara Dąbrowa,Kania Wąskotorowa];;opened;Lijewski;
12.V.1895;[Maksymilianowo, Gądecz];;opened;Lijewski;
18.V.1895;[Morzewiec, Kasprowo];600.0;opened;Lijewski;
1.VI.1895;[Resko Północne, Skrzydłowo];1000.0;opened;Lijewski;Lijewski dodaje jeszcze za Skrzydłowem Rymań, ale na podstawie Atlasu Kolejowego i Pod-Semaforkiem wydaje się, że była to inna linia.
15.V.1895;[Łobżenica, Liszkowo Rozgraniczenie, Witosław];600.0;opened;Lijewski;
21.VI.1895;[Kołobrzeg, Gościno, Rymań, Skrzydłowo];1000.0;opened;Lijewski;W przeciwieństwie do Pod-Semaforkiem, u Lijewskiego nie ma na tym odcinku wymienionej stacji Skrzydłowo.
9.VI.1895;[Rogowo, Ośno];600.0;opened;Lijewski;
6.VI.1895;[Mysłakowice, Miłków];;opened;Lijewski;
1.VII.1895;[Miłków, Karpacz];;opened;Lijewski;
20.VII.1895;[Kasprowo, Łukowiec, Wierzchucin Królewski];600.0;opened;Lijewski;
20.VII.1895;[Kasprowo, Suchary];600.0;opened;Lijewski;
1.VIII.1895;[Choszczno, Kalisz Pomorski];;opened;Lijewski;
XX.VIII.1895;[Woronienka, Körösmezo];;opened;Semaforek;
1.IX.1895;[Strzegom, Malczyce];;opened;Lijewski;
XX.IX.1895;[Ulikowo, Ognica];;opened;Semaforek;Lijewski podaje otwarcie odcinka Stargard Szczeciński-Ognica, ale wydaje się, że taka linia nigdy nie istniała.
16.IX.1895;[Złotoryja, Jerzmanice Zdrój, Świerzawa];;opened;Lijewski;W przeciwieństwie do Pod-Semaforkiem, u Lijewskiego nie ma na tym odcinku wymienionej stacji Jerzmanice Zdrój.
16.IX.1895;[Zabrze Biskupice, Zabrze Północne];;opened;Lijewski;
22.IX.1895;[Gościno, Lepino Trójkąt, Sławoborze];1000.0;opened;Lijewski;W przeciwieństwie do Pod-Semaforkiem, u Lijewskiego nie ma na tym odcinku wymienionej stacji Lepino Trójkąt.
1.X.1895;[Bydgoszcz, Szubin, Żnin];;opened;Lijewski;
1.X.1895;[Jankowa Żagańska, Przewóz];;opened;Lijewski;
12.X.1895;[Dębnica Kaszubska, Jamrzyno];;opened;Lijewski;
XX.X.1895;[Ognica, Kalisz Pomorski];;opened;Lijewski;W przeciwieństwie do Pod-Semaforkiem, u Lijewskiego nie ma na tym odcinku wymienionej stacji Ognica.
20.X.1895;[Racibórz, Krzanowice Południowe, Chuchelna, Kravaře ve Slezsku, Opava Vychod];;opened;Lijewski;W przeciwieństwie do Pod-Semaforkiem, u Lijewskiego nie ma na tym odcinku wymienionej stacji Chuchelna i Kravaře ve Slezsku.
1.X.1895;[Przedkowice, Milicz Wąskotorowy, Sulmierzyce];750.0;opened;Lijewski;
XX.X.1895;[Nakło nad Notecią, Trzeciewnica, Suchary];600.0;opened;Lijewski;W przeciwieństwie do Pod-Semaforkiem, u Lijewskiego nie ma na tym odcinku wymienionej stacji Trzeciewnica.
XX.X.1895;[Trzeciewnica, Olszewka Wyrzyska, Radzicz Rozgraniczenie];600.0;opened;;
1.XI.1895;[Kania Wąskotorowa, Dobra Nowogardzkie];;opened;Lijewski;
1.XI.1895;[Leszno, Włoszakowice];;opened;Lijewski;
10.XI.1895;[Bieniów, Krzystkowice];;opened;Lijewski;
XX.XI.1895;[Lwów, Janów];;opened;Semaforek;
XX.XI.1895;[Stara Dąbrowa, Dobra Nowogardzkie];1000.0;opened;;
1.XII.1895;[Wolsztyn, Błotnica];;opened;Lijewski;
1.XII.1895;[Lwówek Śląski, Nowa Wieś Grodziska];;opened;Lijewski;
??.??.1895;[Nowe Święciany, Postawy];750.0;opened;Semaforek;
??.??.1895;[Gliwice, Poręba];;opened;Lijewski;
XX.??.1895;[Studeny Potok, Tatranska Lomnica];;opened;Semaforek;
1.I.1896;[Gniezno Wąskotorowe, Niechanowo, Arcugowo, Mielżyn];750.0;opened;Lijewski;Informacja o rozstawie szyn z Wikipedii http://pl.wikipedia.org/wiki/Gnie%C5%BAnie%C5%84ska_Kolej_W%C4%85skotorowa
XX.I.1896;[Pałahicze, Tłumacz];;opened;Semaforek;
14.II.1896;[Ostrów Wielkopolski, Skalmierzyce];;opened;Lijewski;
15.II.1896;[Świerzawa, Wojcieszów Górny];;opened;Lijewski;
5.II.1896;[Brody Wąskotorowe, Lwówek Wąskotorowy];750.0;opened;Lijewski;
28.IV.1896;[Pietrowice Wielkie, Kietrz];;opened;Lijewski;
1.V.1896;[Włoszakowice, Błotnica];;opened;Lijewski;
1.V.1896;[Wrocław Brochów, Wrocław Popowice];;opened;Lijewski;
15.V.1896;[Nowa Wieś Grodziska, Jerzmanice Zdrój, Złotoryja];;opened;Lijewski;W przeciwieństwie do Pod-Semaforkiem, u Lijewskiego nie ma na tym odcinku wymienionej stacji Jerzmanice Zdrój.
5.V.1896;[Lubań Śląski, Leśna];;opened;Lijewski;
1.VII.1896;[Międzyrzecz, Skwierzyna];;opened;Lijewski;
2.VII.1896;[Gryfice, Popiele, Rewal, Niechorze, Pogorzelica Gryficka];750.0;opened;Lijewski;W przeciwieństwie do Pod-Semaforkiem, u Lijewskiego nie ma na tym odcinku wymienionych stacji Popiele. Rewal i Pogorzelica Gryficka.
XX.??.1905;[Gryfice, Popiele, Rewal, Niechorze, Pogorzelica Gryficka];1000.0;reconstruction;Semaforek;
26.VII.1896;[Dobra Nowogardzkie, Mieszewo, Łobez];1000.0;opened;Lijewski;
26.VII.1896;[Mieszewo, Żelmowo];1000.0;opened;Lijewski;
XX.VII.1896;[Lipova Lazne, Velka Kraš, Bernartice u Javornika];;opened;Semaforek;
15.VIII.1896;[Wojcieszów Górny, Marciszów];;opened;Lijewski;
XX.VIII.1896;[Bernartice u Javornika, Javornik ve Slezsku];;opened;Semaforek;
1.IX.1896;[Żary, Bieniów];;opened;Lijewski;
16.IX.1896;[Niechanowo, Powidz];;opened;Lijewski;
1.X.1896;[Drawski Młyn, Bzowo Goraj, Rogoźno];;opened;;W przeciwieństwie do Pod-Semaforkiem, u Lijewskiego występuje stacja Krzyż, która według Atlasu Kolejowego nie znajdowała się jednak na tej linii.
15.X.1896;[Jawor, Roztoka];;opened;Lijewski;
22.X.1896;[Prudnik, Biała Prudnicka];;opened;Lijewski;
1.XI.1896;[Grzmiąca, Śliwno Bobolickie];;opened;Lijewski;
13.XI.1896;[Olesno, Zawisna];750.0;opened;Lijewski;
16.XI.1896;[Świdwin, Smardzko];;opened;Lijewski;
XX.XI.1896;[Tarnopol, Trembowla, Kopyczyńce];;opened;Semaforek;
XX.XI.1896;[Mikulovice, Zlate Hory];;opened;Semaforek;
1.XII.1896;[Skwierzyna, Gorzów Wielkopolski Zieleniec];;opened;Lijewski;
1.XII.1896;[Ruszów, Gozdnica];;opened;Lijewski;
4.XII.1896;[Biała Prudnicka, Gogolin];;opened;Lijewski;
15.XII.1896;[Kostrzyn, Chyrzyno, Słońsk];;opened;Lijewski;W bazie Pod-Semaforkiem jest informacja Chyrzyno-Słońsk, u Lijewskiego Kostrzyn-Słońsk.
22.XII.1896;[Smardzko, Redło];;opened;Lijewski;
XX.??.1896;[Kamienica Wołyńska, Krzemieniec];;opened;Semaforek;
XX.??.1896;[Podbrodzie, Łyntupy];;opened;Semaforek;
XX.I.1897;[Berezowica Ostrów, Potutory, Podwysokie];;opened;Semaforek;
17.III.1897;[Redło, Stare Ludzicko];;opened;Lijewski;
1.IV.1897;[Stare Ludzicko, Połczyn Zdrój];;opened;Lijewski;
10.IV.1897;[Bzowo Goraj, Czarnków];;opened;Lijewski;
10.V.1897;[Stobno Szczecińskie, Dobra Szczecińska, Stolec, Stolzenburger Glashütte];750.0;opened;Lijewski;
XX.??.1905;[Stobno Szczecińskie, Dobra Szczecińska, Stolec, Stolzenburger Glashütte];1435.0;reconstruction;Semaforek;
XX.VI.1897;[Podwysokie, Halicz];;opened;Semaforek;
20.IX.1897;[Łukowiec, Wąwelno];600.0;opened;Lijewski;
20.IX.1897;[Gądecz, Włóki];;opened;Lijewski;
XX.VIII.1897;[Borki Wielkie, Grzymałów];;opened;;
XX.VIII.1897;[Słupsk, Kępno Słupskie, Żelkowo, Dargoleza];750.0;opened;;
XX.??.1935;[Słupsk, Kępno Słupskie, Żelkowo, Dargoleza];1435.0;reconstruction;;
XX.VIII.1897;[Velka Kraš, Vidnava];;opened;Semaforek;
16.IX.1897;[Gniezno, Powidz];600.0;opened;;U Lijewskiego pojawia się dla tego odcinka data 1911, ale Wikipedia https://pl.wikipedia.org/wiki/Gnie%C5%BAnie%C5%84ska_Kolej_W%C4%85skotorowa cytuje rozkład jazdy dla roku 1897
XX.??.1957;[Gniezno, Powidz];750.0;reconstruction;Semaforek;
1.X.1897;[Ińsko, Studnica, Jankowo Pomorskie];;opened;Lijewski;Informacja o Ińsku jest domyślna - kawałek był przedłużeniem Stargardzkiej Kolei Dojazdowej.
1.X.1897;[Lubsko, Tuplice];;opened;Lijewski;
4.X.1897;[Strzelce Krajeńskie Wschód, Strzelce Krajeńskie Miasto];;opened;Lijewski;
14.XI.1897;[Krosnowice Kłodzkie, Lądek Zdrój, Stronie Śląskie];;opened;Lijewski;
XX.XI.1897;[Chodorów, Podwysokie];;opened;Semaforek;
15.XII.1897;[Śliwno Bobolickie, Bobolice];;opened;Lijewski;
21.XII.1897;[Sławno, Jacinki, Polanów, Gołogóra];750.0;opened;Lijewski;
XX.??.1934;[Sławno, Jacinki, Polanów, Gołogóra];1435.0;reconstruction;Semaforek;
21.XII.1897;[Jacinki, Nacław];;opened;Lijewski;
XX.??.1897;[Ostrołęka, Wyszków, Tłuszcz];;opened;Lijewski;
XX.??.1897;[Tłuszcz, Mińsk Mazowiecki, Pilawa];;opened;;
XX.??.1897;[Hajnówka, Białowieża];;opened;Lijewski;
XX.??.1897;[Łyntupy, Woropajewo, Głębokie];;opened;Semaforek;
11.11.1895;[Nowe Święciany, Święciany, Łyntupy Wąskie];750.0;opened;Atlas Kolejowy;
22.I.1898;[Nowy Łupków, Cisna, Majdan];760.0;opened;Lijewski;Semaforek dodaje, że linia sięgała do Majdanu (zgadza się z informacjami z strony https://hasajacezajace.com/bieszczadzka-kolejka-lesna/).
5.II.1898;[Legnica, Ścinawa, Krzelów, Wąsosz, Rawicz, Miejska Górka, Kobylin];;opened;Lijewski;
15.III.1898;[Szczecin, Szczecin Drzetowo];;opened;Lijewski;
25.III.1898;[Wąbrzeźno, Wąbrzeźno Miasto];;opened;Lijewski;
14.IV.1898;[Września, Borzykowo];600.0;opened;Lijewski;
17.V.1898;[Pakosław, Miejska Górka, Gostkowo];;opened;Lijewski;
1.V.1898;[Kętrzyn, Sławkowo, Mrągowo];750.0;opened;Lijewski;
1.V.1898;[Sławkowo, Salpik];750.0;opened;Lijewski;
15.VI.1898;[Czerwonka, Biskupiec];;opened;Lijewski;
15.VI.1898;[Tuplice, Łęknica, Bad Muskau];;opened;Lijewski;Alternatywna nazwa Łęknicy to Mużaków Wschód.
20.VI.1898;[Gliwice, Zabrze Północne];;opened;Lijewski;
1.VII.1898;[Ruciane Nida, Mrągowo];;opened;Lijewski;
1.VII.1898;[Wrocław Wąskotorowy, Trzebnica Gaj];750.0;opened;Lijewski;
XX.VII.1898;[Lujeni, Stefanesti, Zaleszczyki];;opened;Semaforek;
7.VIII.1898;[Choszczno, Lubiana Pyrzycka, Barlinek];;opened;Lijewski;W przeciwieństwie do Pod-Semaforkiem, u Lijewskiego jest na tym odcinku wymieniona stacja Lubiana Pyrzycka
15.VIII.1898;[Sobótka Zachodnia, Świdnica Przedmieście, Świdnica];;opened;Lijewski;Strzeblów to dawna nazwa stacji Sobótka Zachodnia. W przeciwieństwie do Pod-Semaforkiem, u Lijewskiego nie ma na tym odcinku wymienionej stacja Świdnica Przedmieście.
22.VIII.1898;[Pyrzyce, Płońsko];;opened;Lijewski;
28.VIII.1898;[Pyrzyce, Sobieradz, Chwarstnica];;opened;Lijewski;
28.VIII.1898;[Szczecin Lotnisko, Stare Czarnowo];;opened;Lijewski;
1.IX.1898;[Biskupiec, Mrągowo];;opened;Lijewski;
XX.IX.1898;[Piotrowice, Frysztat, Karwina];;opened;Semaforek;
XX.IX.1898;[Zinten, Dzikowo Iławieckie, Górowo Iławeckie];;opened;Lijewski;Zinten to dzisiejsze Korniejewo. Na bazie Atlasu Kolejowego wydaje się, że linia dochodziła do Korniejewa, a Dzikowo Iławieckie było tylko przystankiem pośrednim, a nie końcowym (jak u Lijewskiego).
XX.IX.1898;[Gerdauen, Rudziszki, Węgorzewo];;opened;Lijewski;
5.IX.1898;[Kędzierzyn Koźle Zachodni, Reńska Wieś];;opened;Lijewski;
1.X.1898;[Reńska Wieś, Kędzierzyn Koźle Zachodni];;opened;Lijewski;
1.X.1898;[Kobierzyce, Łagiewniki Dzierżoniowskie];;opened;Lijewski;
1.X.1898;[Szczecin Drzetowo, Police];;opened;Lijewski;
15.X.1898;[Police, Jasienica];;opened;Lijewski;
5.X.1898;[Gryfice, Tąpadły, Dargosław];750.0;opened;Lijewski;
XX.??.1905;[Gryfice, Tąpadły, Dargosław];1000.0;reconstruction;Semaforek;
??.X.1898;[Warszawa Mokotów, Piaseczno Miasto, Góra Kalwaria];1000.0;opened;Lijewski;
XX.V.1898;[Piaseczno Miasto, Gołków];1000.0;opened;Lijewski;
XX.XI.1898;[Biała Czortkowska, Zaleszczyki];;opened;Semaforek;
XX.XI.1898;[Wygnanka, Teresin, Skała Podolska];;opened;Semaforek;
XX.XI.1898;[Lisewo Malborskie, Pogorzała, Miłoradz];750.0;opened;Lijewski;Informacja o stacji pośredniej w Pogorzale dodana na podstawie Atlasu Kolejowego: https://www.atlaskolejowy.net/pl/pomorskie/?id=linia&poz=1013.
1.XI.1898;[Koszalin, Manowo, Nacław, Jacinki];750.0;opened;Lijewski;Według bazy kolejowej https://www.atlaskolejowy.net/pl/zachodniopomorskie/?id=linia&poz=996 wybudowany w 1898 roku odcinek doprowadzał aż do Jacinek.
XX.??.1950;[Koszalin, Manowo, Nacław, Jacinki];1000.0;reconstruction;Semaforek;
1.XI.1898;[Zabrze Biskupice, Bytom Nowy Karb, Bytom Dąbrowa Miejska];;opened;Lijewski;Informacja o linii z Lijewskiego. Informacje co do tej linii są sprzeczne między Lijewskim, Pod-Semaforkiem oraz Atlasem Kolejowym.
XX.XII.1898;[Teresin, Iwanie Puste];;opened;Semaforek;
3.XII.1898;[Wałcz, Rudki];;opened;Lijewski;
15.XII.1898;[Reda, Puck];;opened;Lijewski;
6.XII.1898;[Nowy Tomyśl, Wąsowo];750.0;opened;Lijewski;
23.XII.1898;[Lichnowy, Nowa Cerkiew];750.0;opened;Lijewski;
23.XII.1898;[Lichnowy, Nowy Staw, Lipinka Gdańska];750.0;opened;Lijewski;
XX.XII.1898;[Třemešna ve Slezsku, Osoblaha];760.0;opened;Semaforek;
XX.XII.1898;[Kralovany, Oravsky Podzamok];;opened;Semaforek;
??.??.1898;[Nowe Święciany, Poniewież];750.0;opened;Semaforek;
5.I.1899;[Trzebnica Gaj, Prusice];750.0;opened;Lijewski;
8.I.1899;[Godków, Pyrzyce];;opened;Lijewski;
1.III.1899;[Gorzów Wielkopolski, Gorzów Wielkopolski Zamoście];;opened;Lijewski;
25.III.1899;[Gliwice Trynek, Nędza Wąskotorowa, Racibórz Markowice];785.0;opened;Lijewski;
18.V.1899;[Koszalin, Mścice, Kołobrzeg];;opened;Lijewski;
XX.VI.1899;[Oravsky Podzamok, Tvrdošin];;opened;Semaforek;
1.VII.1899;[Wolin, Międzyzdroje];;opened;Lijewski;
1.VIII.1899;[Marciszów, Bolków];;opened;Lijewski;
15.VIII.1899;[Węgorzewo, Gołdap];;opened;Lijewski;
15.VIII.1899;[Siersza Wodna, Trzebinia, Bolęcin, Spytkowice, Wadowice, Skawce];;opened;Lijewski;
15.VIII.1899;[Lisewo Malborskie, Lichnowy];750.0;opened;Lijewski;
18.V.1899;[Elbląg, Tolkmicko, Frombork, Braniewo];;opened;Lijewski;W przeciwieństwie do Pod-Semaforkiem, Lijewski nie wspomina stacji pośredniej Frombork.
15.IX.1899;[Warszawa Targowa, Marki, Struga, Radzymin Wąskotorowy];800.0;opened;Lijewski;Lijewski błędnie podaje datę 1907 - wg. Atlasu Kolejowego i pod Semaforkiem otwarcie linii nastąpiło już w 1899 roku.
XX.??.1951;[Warszawa Targowa, Marki, Struga, Radzymin Wąskotorowy];750.0;reconstruction;;
1.X.1899;[Jabłonowo Pomorskie, Kisielice, Prabuty];;opened;Lijewski;
1.X.1899;[Górowo Iławeckie, Lidzbark Warmiński];;opened;Lijewski;
1.X.1899;[Kluczbork, Jełowa];;opened;Lijewski;
1.X.1899;[Ruda Chebzie, Orzegów, Zabrze Biskupice];;opened;Lijewski;
3.X.1899;[Kamienna Góra, Krzeszów, Chełmsko Śląskie, Okrzeszyn];;opened;Lijewski;W przeciwieństwie do Lijewskiego, Pod-Semaforkiem dodaje stacje pośrednie Krzeszów i Chełmsko Śląskie
XX.X.1899;[Delatyn, Kołomyja, Jasienów Polny, Stefanesti];;opened;Semaforek;
25.X.1899;[Chabówka, Nowy Targ, Zakopane];;opened;Lijewski;
25.X.1899;[Szczecin Pomorzany, Barnisław];;opened;Lijewski;
1.XI.1899;[Lębork, Garczegorze, Wrzeście, Łeba];;opened;Lijewski;
15.XI.1899;[Lidzbark Warmiński, Czerwonka];;opened;Lijewski;
12.XII.1899;[Krzyż, Człopa];;opened;Lijewski;
XX.XII.1899;[Stryj, Chodorów];;opened;Semaforek;
9.XII.1899;[Tąpadły, Skrzydłowo];1000.0;opened;Lijewski;
XX.XII.1899;[Tvrdošin, Trstena, Sucha Góra];;opened;Semaforek;
XX.XII.1899;[Martinice v Krkonošich, Jablonec nad Jizerou, Rokytnice nad Jizerou];;opened;Semaforek;
XX.XII.1899;[Dolni Lipka, Štity];;opened;Semaforek;
XX.??.1899;[Orany, Alytus, Šeštokai, Trakiszki, Suwałki, Augustów, Kamienna Nowa, Bielany Białostockie, Łosośna, Grodno];;opened;Lijewski;Pod-Semaforkiem dodaje informacje o stacjach pośrednich w Łosośnej, Šeštokai, oraz stacji początkowej Orany.
14.I.1900;[Przeworsk, Leżajsk, Rozwadów];;opened;Lijewski;
15.I.1900;[Kwidzyn, Kisielice];;opened;Lijewski;
15.IV.1900;[Rudna Gwizdanów, Polkowice];;opened;Lijewski;
1.V.1900;[Kalisz Pomorski, Wierzchowo Pomorskie, Złocieniec];;opened;Lijewski;
XX.V.1900;[Raspenava, Bily Potok pod Smrkem];;opened;Semaforek;
1.VI.1900;[Dzierżoniów, Pieszyce, Bielawa Zachodnia, Srebrna Góra, Nowa Wieś Kłodzka];;opened;Lijewski;
15.VI.1900;[Międzyzdroje, Odra Port];;opened;Lijewski;
16.VI.1900;[Kraków Czyżyny, Kraków Mogiła];;opened;Lijewski;
1.VII.1900;[Szczytno, Wielbark, Nidzica];;opened;Lijewski;
10.VII.1900;[Krotoszyn, Pleszew Wąskotorowy];750.0;opened;Lijewski;
25.VIII.1900;[Markocice, Heřmanice, Frýdlant v Čechach];750.0;opened;Lijewski;Pod-Semaforkiem dodaje stację Frýdlant v Čechach.
3.IX.1900;[Gołdap, Rominter Heide];;opened;Lijewski;
17.IX.1900;[Stare Bojanowo, Krzywiń];1000.0;opened;Lijewski;
XX.??.1950;[Stare Bojanowo, Krzywiń];750.0;reconstruction;Semaforek;
XX.X.1900;[Kościan, Gostyń];;opened;Lijewski;
27.X.1900;[Bolęcin, Chrzanów, Jaworzno Miasto];;opened;Lijewski;
15.X.1900;[Kraśniewo, Malbork Kałdowo, Lipinka Gdańska];750.0;opened;Lijewski;
17.X.1900;[Stare Bojanowo, Śmigiel, Wielichowo];1000.0;opened;Lijewski;
??.??.1950;[Stare Bojanowo, Śmigiel, Wielichowo];750.0;reconstruction;Semaforek;
17.X.1900;[Wielichowo, Ujazd Wielkopolski];1000.0;opened;Lijewski;
??.??.1950;[Wielichowo, Ujazd Wielkopolski];750.0;reconstruction;Semaforek;
1.XI.1900;[Kowalewo Pomorskie, Golub Dobrzyń, Brodnica];;opened;Lijewski;
3.XI.1900;[Kamieniec Ząbkowicki, Złoty Stok];;opened;Lijewski;
10.XI.1900;[Rudki, Wierzchowo Pomorskie];;opened;Lijewski;
8.XI.1900;[Nowa Cerkiew, Ostaszewo Żuławskie];750.0;opened;Lijewski;
1.XII.1900;[Kościerzyna, Lipusz];;opened;Lijewski;
4.1.1900;[Jabłonna, Warszawa Most, Wawer Wąskotorowy];;opened;Lijewski;
13.II.1901;[Pleszew Wąskotorowy, Pleszew Miasto];;opened;Lijewski;
1.IV.1901;[Lipusz, Ugoszcz];;opened;Lijewski;
1.VI.1901;[Odra Port, Świnoujście];;opened;Lijewski;
15.VII.1901;[Ugoszcz, Bytów];;opened;Lijewski;
17.VIII.1901;[Gryfice Wąskotorowe, Kołomąć, Golczewo Wąskotorowe];;opened;Lijewski;
XX.VIII.1901;[Warszawa Stalowa, Warszawa Targówek];800.0;opened;;
XX.??.1951;[Warszawa Stalowa, Warszawa Targówek];750.0;reconstruction;;
XX.VIII.1901;[Popiele, Golczewo];1000.0;opened;;
XX.VIII.1901;[Rominter Heide, Tollmingen, Stallupönen];;opened;;
1.IX.1901;[Grodzisk Wielkopolski, Ujazd Wielkopolski, Kościan];;opened;Lijewski;
2.IX.1901;[Unisław Pomorski, Starogród];;opened;Lijewski;
24.IX.1901;[Chełmża, Mełno];;opened;Lijewski;
28.IX.1901;[Mareza, Kwidzyn];750.0;opened;Lijewski;
XX.IX.1901;[Mareza, Rusinowo Wąskotorowe];750.0;opened;Lijewski;Lijewski podaje błędnie stację "Rostowo" zamiast stacji "Rusinowo".
XX.IX.1901;[Mareza, Gurcz];750.0;opened;Lijewski;W rzeczywistości linia docierała niemal do Gurcza, to samego Gurcza została dociągnięta w 1927 roku (https://www.atlaskolejowy.net/pl/pomorskie/?id=linia&poz=1004).
21.IX.1901;[Radzicz Rozgraniczenie, Liszkowo Rozgraniczenie];600.0;opened;Lijewski;
21.IX.1901;[Nieżychowo Zakłady Przemysłowe, Radzicz Rozgraniczenie, Olszewka Wyrzyska];600.0;opened;Lijewski;
21.IX.1901;[Wysoka Wąskotorowa, Mościska];;opened;Lijewski;
1.X.1901;[Kościerzyna, Gołubie Kaszubskie];;opened;Lijewski;
14.XI.1901;[Gołubie Kaszubskie, Somonino, Kartuzy];;opened;Lijewski;
16.X.1901;[Ostaszewo Żuławskie, Jeziernik, Nowy Dwór Gdański];750.0;opened;Lijewski;
25.VI.1902;[Piechowice, Szklarska Poręba Górna];;opened;Lijewski;
23.VI.1902;[Poznań Wschodni, Poznań Malta, Poznań Kobylepole];;opened;Lijewski;
XX.VI.1902;[Środa Wielkopolska Miasto, Połażejewo, Poznań Kobylepole];1000.0;opened;Lijewski;W przeciwieństwie do Lijewskiego, w bazie Pod-Semaforkiem figuruje stacja poźrednia Połażejewo.
XX.??.1953;[Środa Wielkopolska Miasto, Połażejewo, Poznań Kobylepole];750.0;reconstruction;Semaforek;
XX.VI.1902;[Tanvald, Kořenov];;opened;Semaforek;
1.VII.1902;[Chojnice, Lipusz];;opened;Lijewski;
1.VII.1902;[Bytów, Pomysk];;opened;Lijewski;
15.VII.1902;[Strzelce Krajeńskie Miasto, Lubiana Pyrzycka];;opened;Lijewski;
20.VII.1902;[Chełmno, Starogród];;opened;Lijewski;
1.VIII.1902;[Lębork, Kostroga];;opened;Lijewski;
1.VIII.1902;[Jeżkowice, Pomysk];;opened;Lijewski;
1.IX.1902;[Kostroga, Jeżkowice];;opened;Lijewski;
30.VIII.1902;[Nowogard, Dobra Nowogardzkie Północ];;opened;Lijewski;
XX.VIII.1902;[Srebrna Góra, Nowa Wieś Kłodzka, Wolibórz, Nowa Ruda Słupiec];;opened;Atlas Kolejowy;
XX.VIII.1902;[Nowa Ruda Słupiec, Ścinawka Średnia Mały Dworzec, Radków];;opened;Atlas Kolejowy;
XX.VIII.1902;[Frýdlant v Čechach, Nove Mesto pod Smrkem, Jindřichovice pod Smrkem];;opened;Semaforek;
1.IX.1902;[Człuchów, Czosnowo];;opened;Lijewski;
1.IX.1902;[Iława, Nowe Miasto Lubawskie, Szramowo];;opened;Lijewski;
1.X.1902;[Szklarska Poręba Górna, Jakuszyce, Tkacze, Kořenov];;opened;Lijewski;Lijewski podaje tylko Szklarska-Tkacze, Pod-Semaforkiem podaje Szklarska-Jakuszyce-Kořenov.
1.X.1902;[Smętowo, Skórcz];;opened;Lijewski;
1.X.1902;[Jawor, Malczyce];;opened;Lijewski;
1.X.1902;[Słosinko, Nowa Brda];;opened;Lijewski;Lijewski podaje błędnie, że otwarty odcinek łączył stacje Miastko i Nowa Brda - kolej ze Słosinka dochodziła już do Miastka wcześniej i to połączenie Nowej Brdy ze Słosinkiem stworzyło połączenie między Miastkiem i Nową Brdą.
1.XI.1902;[Nowa Brda, Czosnowo];;opened;Lijewski;
14.XI.1902;[Żelkowo, Siecie, Smołdzino];750.0;opened;Lijewski;
16.XI.1902;[Dargoleza, Cecenowo];750.0;opened;Lijewski;
1.XI.1902;[Witaszyce, Twardów, Sucha Wąskotorowa, Komorze];600.0;opened;Lijewski;
1.XI.1902;[Sucha Wąskotorowa, Robaków];600.0;opened;Lijewski;
XX.XI.1902;[Warszawa Kaliska, Warszawa Gołąbki, Błonie, Sochaczew, Łowicz Przedmieście, Zgierz, Łódź Kaliska, Pabianice, Zduńska Wola, Sieradz, Kalisz];;opened;Lijewski;
XX.XI.1902;[Łowicz Przedmieście, Łowicz];;opened;;
XX.XI.1902;[Bednary, Łowicz];;opened;;
25.XI.1902;[Zebrzydowa, Ławszowa];;opened;Lijewski;
25.XI.1902;[Wejherowo, Prusewo];;opened;Lijewski;
1.XII.1902;[Szczytna Śląska, Duszniki Zdrój];;opened;Lijewski;
1.XII.1902;[Toruń Mokre, Lubicz];;opened;Lijewski;
XX.??.1902;[Kowel, Antonówka, Sarny, Ostki, Korosten, Kiev];;opened;Semaforek;
14.VI.1903;[Starogard Gdański, Skórcz];;opened;Lijewski;
15.VII.1903;[Złocieniec, Połczyn Zdrój];;opened;Lijewski;
15.VII.1903;[Bobolice, Polanów];;opened;Lijewski;
5.VIII.1903;[Jaworzno Miasto, Szczakowa];;opened;Lijewski;
XX.VIII.1903;[Lwów, Sambor];;opened;Semaforek;
XX.IX.1903;[Puck, Swarzewo, Krokowa];;opened;Lijewski;W przeciwieństwie do Lijewskiego, w bazie Pod-Semaforkiem pojawia się stacja pośrednia Swarzewo.
1.IX.1903;[Połczyn Zdrój, Barwice];;opened;Lijewski;
12.IX.1903;[Malbork Kałdowo, Królewo Malborskie, Malbork];;opened;Lijewski;
15.X.1903;[Barwice, Grzmiąca];;opened;Lijewski;
8.XI.1903;[Salpik, Ryn];;opened;Lijewski;
4.XI.1903;[Gostyń, Domachowo, Krobia, Gostkowo];;opened;Lijewski;
4.XI.1903;[Domachowo, Karzec];;opened;Lijewski;
26.XI.1903;[Rudniki,Sędziny];;opened;Lijewski;
XX.XI.1903;[Janów, Jaworów];;opened;;
XX.XII.1903;[Goleniów, Maszewo];;opened;Lijewski;
XX.??.1903;[Łódź Kaliska, Łódź Chojny, Łódź Widzew];;opened;Lijewski;
XX.??.1903;[Częstochowa Stradom, Herby Stare];600.0;opened;Lijewski;
XX.??.1903;[Golczewo, Łoźnica, Stepnica];1000.0;opened;Lijewski;
1.II.1904;[Gliwice, Zabrze Makoszowy, Ruda Bielszowice];;opened;;
XX.V.1904;[Pogegen, Laukszargen];;opened;Semaforek;
26.V.1904;[Piotrków Trybunalski, Sulejów Pilica];750.0;opened;Lijewski;
XX.VI.1904;[Forst, Horno, Guben];;opened;Semaforek;
1.VII.1904;[Nowy Targ, Podczerwone, Sucha Góra];;opened;Lijewski;
20.VII.1904;[Lwówek Śląski, Zebrzydowa];;opened;Lijewski;
1.VIII.1904;[Zielona Góra, Krzystkowice];;opened;Lijewski;
8.IX.1904;[Przeworsk, Kańczuga, Dynów];760.0;opened;Lijewski;W przeciwieństwie do Lijewskiego, w bazie Pod-Semaforkiem pojawia się stacja pośrednia Kańczuga.
XX.??.1951;[Przeworsk, Kańczuga, Dynów];750.0;reconstruction;Semaforek;
1.X.1904;[Świdnica Przedmieście, Świdnica Kraszowice, Jugowice, Jedlina Zdrój];;opened;Lijewski;W przeciwieństwie do Lijewskiego, w bazie Pod-Semaforkiem pojawia się rozróżnienie na stacje Świdnica Przedmieście i Kraszowice.
1.X.1904;[Ruda Bielszowice, Ruda Kochłowice, Katowice Ligota];;opened;LIjewski;
1.XI.1904;[Ławszowa, Świętoszów];;opened;Lijewski;
1.XI.1904;[Mirsk, Pobiedna, Jindřichovice pod Smrkem];;opened;Lijewski;
19.XI.1904;[Twarda Góra, Nowe];;opened;Lijewski;
XX.XI.1904;[Sambor, Strzyłki Topolnica];;opened;Semaforek;
1.XII.1904;[Wałcz, Człopa];;opened;Lijewski;
5.I.1905;[Morzeszczyn, Gniew];;opened;Lijewski;
XX.I.1905;[Pleszew, Pleszew Miasto];750.0;opened;;
1.IV.1905;[Sulechów, Wolsztyn];;opened;Lijewski;
16.V.1905;[Starogard Gdański, Skarszewy];;opened;Lijewski;
5.VI.1905;[Kowary, Kamienna Góra];;opened;Lijewski;
8.VI.1905;[Trzcianka Zachodnia, Śliwno, Duszniki Wielkopolskie];750.0;opened;Lijewski;
XX.VI.1905;[Opava Vychod, Hradec nad Moravici];;opened;Semaforek;
1.VII.1905;[Wolsztyn, Rakoniewice, Grodzisk Wielkopolski];;opened;Lijewski;
10.VII.1905;[Duszniki Zdrój, Kudowa Zdrój];;opened;Lijewski;
1.VIII.1905;[Świętoszów, Żagań];;opened;Lijewski;
17.VIII.1905;[Gdańsk Wąskotorowy,Odrzygość, Cedry Wielkie, Koszwały,Stegna Gdańska, Sztutowo];750.0;opened;Lijewski;
XX.VIII.1905;[Mścice, Mielno];;opened;Lijewski;
XX.VIII.1905;[Strzyłki Topolnica, Turka, Sianki];;opened;;
XX.VIII.1905;[Gdańsk, Odrzygość, Giemlice];750.0;opened;;
XX.VIII.1905;[Odrzygość, Koszwały];750.0;opened;;
XX.VIII.1905;[Koszwały, Cedry Małe, Przegalina, Lewy Brzeg Wisły];750.0;opened;;
XX.VIII.1905;[Giemlice, Cedry Wielkie, Koszwały];750.0;opened;;
XX.VIII.1905;[Prawy Brzeg Wisły, Jantar, Stegna Gdańska, Sztutowo];750.0;opened;;
XX.VIII.1905;[Pastwa Południowa, Wielkie Walichnowy];750.0;opened;;
1.IX.1905;[Orneta, Lidzbark Warmiński, Sątopy Samulewo];;opened;Lijewski;
18.IX.1905;[Prusewo, Choczewo];;opened;Lijewski;
1.X.1905;[Poznań Wschodni, Sława Wielkopolska, Skoki, Janowiec Wielkopolski];;opened;Lijewski;W przeciwieństwie do Lijewskiego, w bazie Pod-Semaforkiem pojawia się stacja pośrednia Sława Wielkopolska.
4.X.1905;[Kartuzy, Sierakowice, Lębork];;opened;Lijewski;
15.XI.1905;[Pisz, Orzysz];;opened;Lijewski;
1.XI.1905;[Białogard, Świetlino];;opened;Lijewski;
XX.XI.1905;[Manowo, Świetlino, Bobolice];750.0;opened;;
XX.??.1948;[Manowo, Świetlino, Bobolice];1000.0;reconstruction;;
XX.XI.1905;[Hanušovice, Stare Mesto pod Snežnikem];;opened;Semaforek;
1.XII.1905;[Stare Czarnowo, Sobieradz];;opened;Lijewski;
21.XII.1905;[Giżycko, Kruklanki, Węgorzewo];;opened;Lijewski;
XX.??.1905;[Sianki, Tűzhegy, Ungvár];;opened;Semaforek;
??.??.1905;[Antonówka Wąska, Chinocze, Cichowierz];750.0;opened;Atlas Kolejowy;
??.??.1905;[Chinocze, Dąbrowica Wąska];750.0;opened;Atlas Kolejowy;
2.I.1906;[Ruda Kochłowice, Ruda Wschodnia Wąskotorowa, Ruda Chebzie];;opened;Lijewski;
XX.II.1906;[Tarnopol, Zbaraż];;opened;Semaforek;
1.II.1906;[Worowo, Resko Północne];;opened;Lijewski;
10.IV.1906;[Bolesławiec, Warta Bolesławiecka, Nowa Wieś Grodziska];;opened;Lijewski;
10.IV.1906;[Warta Bolesławiecka, Nowa Warta];;opened;Lijewski;
1.V.1906;[Skwierzyna, Wierzbno];;opened;Lijewski;U Lijewskiego figuruje informacja o otwarciu odcinka Skwierzyna-Międzychód, ale odcinek Międzychów-Wierzbno został już otwarty w 1887 roku.
15.V.1906;[Kudowa Zdrój, Kudowa Słone];;opened;Lijewski;
XX.V.1906;[Nowy Dwór Gdański, Rybina, Stegna Gdańska];750.0;opened;Lijewski;W przeciwieństwie do Lijewskiego, w baze Pod-Semaforkiem pojawia się stacja pośrednia Rybina.
1.VI.1906;[Giżycko, Orzysz];;opened;Lijewski;
1.VII.1906;[Głogów, Szlichtyngowa];;opened;Lijewski;
1.VIII.1906;[Mieszków, Książ Wielkopolski];;opened;Atlas Kolejowy;Lijewski podaje błędnie Jarocin-Książ, natomiast nie było takiej linii.
XX.VIII.1906;[Jamrzyno, Budowo];;opened;Lijewski;
15.IX.1906;[Złotoryja, Chojnów];;opened;Lijewski;
1.X.1906;[Szlichtyngowa, Góra Śląska];;opened;Lijewski;
1.X.1906;[Jelenia Góra, Siedlęcin];;opened;Lijewski;
2.X.1906;[Laskowice Pomorskie, Szlachta, Czersk];;opened;Lijewski;
2.X.1906;[Złotów, Więcbork];;opened;Lijewski;
15.X.1906;[Tarnów, Dąbrowa Tarnowska, Szczucin koło Tarnowa];;opened;Lijewski;
19.X.1906;[Stobno Szczecińskie, Dobra Szczecińska, Stolzenburger Glashütte, Karszno, Nowe Warpno];;opened;Lijewski;Pod-Semaforkiem dodaje dwie stacje na końcu linii oprócz stacji u Lijewskiego: Stobno Szczecińskie i Dobra Szczecińska.
XX.X.1906;[Stobno Szczecińskie, Dobra Szczecińska, Stolzenburger Glashütte];;closed;Semaforek;
22.X.1906;[Słońsk, Krzeszyce];;opened;Lijewski;
28.X.1906;[Kalisz, Skalmierzyce];;opened;Lijewski;
1.XI.1906;[Wolsztyn, Kolsko, Konotop];;opened;Lijewski;
1.XI.1906;[Śrem, Książ Wielkopolski];;opened;Atlas Kolejowy;
XX.XI.1906;[Doudleby nad Orlici, Rokytnice v Orlickych Horach];;opened;Semaforek;
1.XII.1906;[Chojnów, Rokitki];;opened;Lijewski;
XX.XII.1906;[Kamień Pomorski, Trzebiatów];;opened;Lijewski;
XX.??.1906;[Siedlce, Siemiatycze, Czeremcha, Hajnówka, Siemianówka, Andrzejewicze];;opened;Lijewski;
XX.??.1906;[Löwenhagen, Friedland, Gerdauen];;opened;Semaforek;
1.V.1907;[Nowa Sól, Otyń];;opened;Lijewski;
1.V.1907;[Resko Północne, Resko Południowe];;opened;Lijewski;
30.VI.1907;[Wiatrowiec Warmiński, Sępopol];;opened;Lijewski;
1.VII.1907;[Kętrzyn, Węgorzewo];;opened;Lijewski;
1.IX.1907;[Kunowice, Cybinka];;opened;Lijewski;
1.X.1907;[Międzychód, Chrzypsko];;opened;Lijewski;
1.X.1907;[Szamotuły, Binino];;opened;Lijewski;
1.XI.1907;[Dargosław, Trzebiatów];1000.0;opened;Lijewski;
18.XI.1907;[Żelmowo, Resko Północne];1000.0;opened;Lijewski;
15.XII.1907;[Horka, Rothenburg, Lodenau, Sanice, Przewóz];;opened;Lijewski;Do stacji wspomnianych u Lijewskiego, Pod-Semaforkiem dodaje Horka i Lodenau.
XX.??.1907;[Legionowo, Wieliszew, Zegrze];;opened;Lijewski;
XX.??.1907;[Wołkowysk, Mosty, Lida, Mołodeczno, Królewszczyzna, Zahacie, Polock];;opened;Semaforek;
XX.??.1907;[Mosty, Grodno];;opened;Semaforek;
XX.??.1907;[Włocławek, Smólsk, Brześć Kujawski];750.0;opened;Lijewski;
XX.??.1914;[Włocławek, Smólsk, Brześć Kujawski];600.0;reconstruction;Semaforek;
XX.??.1922;[Włocławek, Smólsk, Brześć Kujawski];750.0;reconstruction;Semaforek;
15.IV.1908;[Binino, Nojewo];;opened;Lijewski;
1.V.1908;[Nojewo, Chrzypsko];;opened;Lijewski;
1.VI.1908;[Otyń, Konotop];;opened;Lijewski;
1.VII.1908;[Polska Cerekiew, Baborów];;opened;Lijewski;
1.VII.1908;[Kętrzyn, Reszel];;opened;Lijewski;
15.VII.1908;[Gierałtowice, Knurów];;opened;;
15.VIII.1908;[Reszel, Sątopy Samulewo];;opened;;
15.VIII.1908;[Gumbinnen, Tollmingen, Wehrkirchen, Żytkiejmy];;opened;Lijewski;Lijewski nie podaje wprost stacji Tollmingen i Wehrkirchen, tylko stację początkową Gusiew (dawniej Gumbinnen) i końcową Żytkiejmy.
XX.VIII.1908;[Szlachta, Skórcz];;opened;;
XX.VIII.1908;[Zbąszyń, Trzciel, Międzychód];;opened;Lijewski;
XX.VIII.1908;[Frydlant nad Ostravici, Ostravice, Bila];;opened;Semaforek;
1.IX.1908;[Pisz, Dłutowo];;opened;Lijewski;
15.IX.1908;[Olecko, Kruklanki];;opened;Lijewski;
XX.IX.1908;[Teplice nad Metuji, Adršpach, Trutnov];;opened;Semaforek;
1.X.1908;[Skoki, Wągrowiec, Gołańcz, Kcynia, Szubin];;opened;Lijewski;
1.X.1908;[Gołańcz, Chodzież];;opened;Lijewski;
1.X.1908;[Kruszwica, Strzelno];;opened;Lijewski;
1.X.1908;[Czaplinek, Jastrowie];;opened;Lijewski;
1.XI.1908;[Srebrna Góra, Ząbkowice Śląskie, Ciepłowody, Henryków];;opened;Lijewski;
1.XI.1908;[Ciepłowody, Kondratowice];;opened;Lijewski;
15.XII.1908;[Biskupiec, Dźwierzuty];;opened;Lijewski;
XX.XII.1908;[Lwów Podzamcze, Kurowice];;opened;Semaforek;
XX.??.1908;[Kowel, Włodzimierz Wołyński];;opened;Semaforek;
XX.??.1908;[Nieszawa Waganiec, Dobre Kujawskie];750.0;opened;Atlas Kolejowy;Lijewski podaje Nieszawa-Dobre Aleksandrowskie-Radziejów-Wąsowo, mieszkając kilka różnych linii w jedną.
XX.??.1908;[Dobre Kujawskie, Radziejów Kujawski, Wąsewo Wieś, Wąsewo Dwór, Piotrków Kujawski];750.0;opened;Atlas Kolejowy;Atlas Kolejowy sprawdzony z informacjami z Lijewskiego.
XX.??.1908;[Dobre Kujawskie, Płowce];750.0;opened;Lijewski;Lijewski podaje nazwę "Dobre Aleks.", która odnosi się do miejscowości Dobre Kujawskie.
XX.??.1914;[Dobre Kujawskie, Płowce];600.0;reconstruction;Semaforek;
XX.??.1922;[Dobre Kujawskie, Płowce];750.0;reconstruction;Semaforek;
XX.II.1909;[Kurowice, Wołków];;opened;;
15.IV.1909;[Jabłonka, Szczytno];;opened;Lijewski;
24.IV.1909;[Resko Północne, Płoty, Golczewo];;opened;Lijewski;
18.VI.1909;[Terespol Pomorski, Pruszcz Bagienica, Więcbork];;opened;Lijewski;
24.VI.1909;[Kwidzyn, Prabuty];;opened;Lijewski;
1.VII.1909;[Grodzisk Wielkopolski, Luboń koło Poznania];;opened;Lijewski;
1.VII.1909;[Morąg, Miłomłyn];;opened;Lijewski;
1.VII.1909;[Lwówek Śląski, Wleń];;opened;Lijewski;
1.VIII.1909;[Międzyrzecz, Toporów];;opened;Lijewski;
2.VIII.1909;[Baborów, Pilszcz, Opava Zapad];;opened;Lijewski;
28.VIII.1909;[Wleń, Siedlęcin];;opened;Lijewski;
19.VIII.1909;[Środa Wielkopolska Miasto, Zaniemyśl];1000.0;opened;Lijewski;
XX.??.1953;[Środa Wielkopolska Miasto, Zaniemyśl];750.0;reconstruction;Semaforek;
1.IX.1909;[Kwidzyn, Opalenie, Smętowo];;opened;Lijewski;
XX.IX.1909;[Wołków, Potutory, Podhajce];;opened;;
16.IX.1909;[Białogard, Rarwino];750.0;opened;Lijewski;
XX.??.1950;[Białogard, Rarwino];1000.0;reconstruction;Semaforek;
1.X.1909;[Wrocław Główny, Wrocław Brochów, Jelcz Miłoszyce, Opole Wschodnie, Opole Groszowice];;opened;Lijewski;
1.X.1909;[Knurów, Leszczyny];;opened;Lijewski;Leszczyny to inaczej stacja Rzędówka.
6.X.1909;[Toruń Mokre, Toruń Północny];;opened;Lijewski;
10.X.1909;[Ostrów Wielkopolski, Odolanów];;opened;Lijewski;
XX.X.1909;[Lwów Podzamcze, Sapieżanka, Stojanów];;opened;Semaforek;
31.X.1909;[Mirsk, Świeradów Zdrój];;opened;Lijewski;
XX.X.1909;[Lipinka Gdańska, Nowy Dwór Gdański];750.0;opened;;
1.XI.1909;[Opole Główne, Opole Wschodnie];;opened;Lijewski;
XX.XI.1909;[Piaski Wielkopolskie, Koźmin Wielkopolski];;opened;Lijewski;
3.XI.1909;[Pruszcz Bagienica, Koronowo];;opened;Lijewski;
10.XI.1909;[Gościno, Pobłocie Wielkie];;opened;Lijewski;
23.XI.1909;[Bytów, Miastko];;opened;Lijewski;
??.??.1909;[Strzemieszyce Północne,Sosnowiec Zagórze,Dąbrowa Górnicza];;opened;Lijewski;
28.II.1910;[Toruń Północny, Czarnowo koło Torunia];;opened;Lijewski;
15.III.1910;[Jasienica, Trzebież Szczeciński];;opened;Lijewski;
7.V.1910;[Choczewo, Garczegorze];;opened;Lijewski;
1.II.1910;[Wronki, Jaryszewo Obornickie];;opened;Lijewski;
1.VII.1910;[Jaryszewo Obornickie, Oborniki Wielkopolskie];;opened;Lijewski;
15.VIII.1910;[Żory, Pawłowice Śląskie];;opened;Lijewski;
1.VIII.1910;[Wielichowo, Rakoniewice];1000.0;opened;Lijewski;
XX.??.1950;[Wielichowo, Rakoniewice];750.0;reconstruction;Semaforek;
15.IX.1910;[Brzeg, Wiązów];;opened;Lijewski;
15.IX.1910;[Przeworno, Kłodobok];;opened;Lijewski;
1.X.1910;[Kłodobok, Otmuchów];;opened;Lijewski;
1.X.1910;[Oława, Boreczek];;opened;Lijewski;
1.X.1910;[Grabowno Wielkie, Bukowina Sycowska];;opened;Lijewski;
XX.X.1910;[Ostrzeszów, Grabów nad Prosną, Namysłaki];;opened;Lijewski;W przeciwieństwie do Lijewskiego, Pod-Semaforkiem wymienia stację pośrednią Grabów nad Prosną.
XX.X.1910;[Samborowo, Dąbrówno, Turza Wielka];;opened;;
31.X.1910;[Wrzeście, Bargędzino];;opened;Lijewski;
15.X.1910;[Toruń Północny, Olek];;opened;Lijewski;
1.XI.1910;[Odolanów, Międzybórz Sycowski];;opened;Lijewski;
15.XI.1910;[Jankowo Pomorskie Wąskotorowe, Drawsko Pomorskie Wąskotorowe];;opened;Lijewski;
20.XI.1910;[Międzybórz Sycowski, Bukowina Sycowska];;opened;Lijewski;
2.XII.1910;[Zajączkowo Lubawskie, Nowe Miasto Lubawskie];;opened;Lijewski;
20.XII.1910;[Wysoka Kamieńska, Golczewo];;opened;Lijewski;
XX.??.1910;[Ząbkowice Będzińskie, Piekło];;opened;Lijewski;
XX.??.1910;[Smólsk, Jerzmanowo, Boniewo];750.0;opened;Lijewski;
XX.??.1914;[Smólsk, Jerzmanowo, Boniewo];600.0;reconstruction;Semaforek;
XX.??.1922;[Smólsk, Jerzmanowo, Boniewo];750.0;reconstruction;Semaforek;
XX.??.1910;[Krośniewice, Ostrowy Wąskotorowe];750.0;opened;Atlas Kolejowy;
XX.??.1914;[Krośniewice, Ostrowy Wąskotorowe];600.0;reconstruction;Semaforek;
XX.??.1951;[Krośniewice, Ostrowy Wąskotorowe];750.0;reconstruction;Semaforek;
XX.??.1910;[Krośniewice, Most Krzewie, Koryta];750.0;opened;Strony Rządowe;Wydaje się, że przystanek w Korytach został otwarty w 1910 roku (tak pisze strona powiatu Łęczyckiego: https://www.leczycki.pl/asp/krosniewicko-ozorkowska-kolej-waskotorowa,122,,1), mimo informacji u Lijewskiego i na stronie Atlas Kolejowy (https://www.atlaskolejowy.net/pl/lodzkie/?id=linia&poz=1112), że otwarcie linii Ostrowy Wąskotorowe-Ozorków Wąskotorowy nastąpiło dopiero w 1915 (Lijewski) lub 1916 (Atlas Kolejowy) roku.
XX.??.1914;[Krośniewice, Most Krzewie, Koryta];600.0;reconstruction;Semaforek;
XX.??.1951;[Krośniewice, Most Krzewie, Koryta];750.0;reconstruction;Semaforek;
26.II.1911;[Kielce, Włoszczowa, Koniecpol, Częstochowa Stradom, Herby Stare];;opened;Lijewski;W przeciwieństwie do Lijewskiego, baza Pod-Semaforkiem wymienia stację pośrednią Koniecpol.
XX.II.1911;[Częstochowa Stradom, Herby Stare];;closed;;
29.V.1911;[Muszyna, Krynica];;opened;Lijewski;
1.VI.1911;[Pawłowice Śląskie, Jastrzębie Zdrój Moszczenica];;opened;Lijewski;
XX.VI.1911;[Wehlau, Friedland];;opened;;
1.VII.1911;[Bartoszyce, Judyty, Friedland];;opened;Lijewski;Friedland to dawna nazwa miejscowości Prawdinsk. W przeciwieństwie do Lijewskiego, baza Pod-Semaforkiem wymienia stację pośrednią Judyty.
18.VIII.1911;[Sławno, Postomino, Ustka];;opened;Lijewski;W przeciwieństwie do Lijewskiego, baza Pod-Semaforkiem wymienia stację pośrednią Postomino.
1.IX.1911;[Ociąż, Kucharki];;opened;Lijewski;
18.IX.1911;[Świętajno Wąskotorowe, Olecko Wąskotorowe];;opened;Lijewski;
18.IX.1911;[Olecko Wąskotorowe, Garbas];;opened;Lijewski;
1.X.1911;[Zielona Góra, Stypułów, Szprotawa];;opened;Lijewski;
2.X.1911;[Mrągowo, Mikołajki, Orzysz];;opened;Lijewski;
2.X.1911;[Kępno, Rychtal];;opened;Lijewski;
1.X.1911;[Powidz, Anastazewo];600.0;opened;Lijewski;
XX.??.1955;[Powidz, Anastazewo];750.0;reconstruction;Semaforek;
19.X.1911;[Żnin Wąskotorowy, Obiecanowo];;opened;Lijewski;
5.XII.1911;[Nysa, Ścinawa Mała];;opened;Lijewski;
8.V.1912;[Nysa, Kałków Łąka, Vidnava];;opened;Lijewski;
XX.VI.1912;[Drohobycz, Truskawiec Zdrój];;opened;Semaforek;
30.VI.1912;[Trzebiatów Mokre, Mrzeżyno Gryfickie];1000.0;opened;Lijewski;
1.VII.1912;[Olek, Unisław Pomorski];;opened;Lijewski;
16.VII.1912;[Leszczyny, Rybnik Piaski];;opened;Lijewski;
1.VIII.1912;[Gorzów Wielkopolski Zieleniec, Rudnica, Sulęcin];;opened;Lijewski;
15.IX.1912;[Gorzów Wielkopolski, Myślibórz];;opened;Lijewski;
XX.X.1912;[Mogilno, Barcin];;opened;Lijewski;
XX.X.1912;[Czarnków, Jabłonowo Wielkopolskie];;opened;Lijewski;
15.VIII.1912;[Jelcz Miłoszyce, Nadolice Wielkie];;opened;Lijewski;
1.XI.1912;[Nadolice Wielkie, Dobrzykowice Wrocławskie];;opened;Lijewski;
1.XI.1912;[Puszczykówko, Osowa Góra];;opened;Lijewski;
2.XI.1912;[Namysłów, Bukowa Śląska, Rychtal];;opened;Lijewski;
2.XI.1912;[Katowice Ligota, Tychy];;opened;Lijewski;
15.XI.1912;[Strzelce Opolskie, Fosowskie];;opened;Lijewski;
??.??.1912;[Mysłowice Krasowy, Mysłowice Wesoła];;opened;Lijewski;
??.??.1912;[Mysłowice Brzezinka, Mysłowice Krasowy];;opened;Lijewski;
??.??.1912;[Lędziny, Mysłowice Krasowy];;opened;Lijewski;
XX.??.1912;[Anastazewo, Jabłonka Słupecka, Gosławice];750.0;opened;Lijewski;
XX.??.1915;[Anastazewo, Jabłonka Słupecka, Gosławice];600.0;reconstruction;Semaforek;
XX.??.1955;[Anastazewo, Jabłonka Słupecka, Gosławice];750.0;reconstruction;Semaforek;
XX.??.1912;[Jabłonka Słupecka, Sławoszewek, Wilczyn];750.0;opened;Lijewski;
XX.??.1915;[Jabłonka Słupecka, Sławoszewek, Wilczyn];600.0;reconstruction;Semaforek;
XX.??.1955;[Jabłonka Słupecka, Sławoszewek, Wilczyn];750.0;reconstruction;Semaforek;
XX.??.1912;[Częstochowa, Częstochowa Stradom];;opened;Atlas Kolejowy;
XX.III.1913;[Rybnik, Sumina];;opened;Lijewski;
XX.V.1913;[Kolsko, Sława Śląska];;opened;Lijewski;
XX.V.1913;[Dobra Nowogardzkie Północ, Dobra Nowogardzkie];;opened;Lijewski;
1.V.1913;[Trzebiatów Mokre, Pogorzelica Gryficka];1000.0;opened;Atlas Kolejowy;
XX.VI.1913;[Piła, Ujście, Jabłonowo Wielkopolskie];;opened;Lijewski;
XX.VIII.1913;[Tantow, Gartz (Oder)];;opened;Semaforek;
1.X.1913;[Grodziec Mały, Lipinka Głogowska, Sława Śląska];;opened;Lijewski;W przeciwieństwie do Lijewskiego, baza Pod-Semaforkiem wymienia stację pośrednią Lipinka Głogowska
1.X.1913;[Wschowa, Lipinka Głogowska];;opened;Atlas Kolejowy;
1.X.1913;[Przewóz, Potok Lubuski, Przysieka];;opened;Atlas Kolejowy;Lijewski nie podaje stacji pośredniej Potok Lubuski.
10.X.1913;[Kołomąć, Trzygłów];;opened;Lijewski;
XX.X.1913;[Węgliniec, Czerwona Woda];;opened;Lijewski;
22.X.1913;[Ełk, Laski Małe, Borzymy];1000.0;opened;Lijewski;
XX.??.1951;[Ełk, Laski Małe, Borzymy];750.0;reconstruction;Semaforek;
22.X.1913;[Laski Małe, Zawady Tworki];1000.0;opened;Lijewski;
XX.??.1951;[Laski Małe, Zawady Tworki];750.0;reconstruction;Semaforek;
1.XI.1913;[Krosno Odrzańskie, Strużka Janiszowice];;opened;Lijewski;
10.XI.1913;[Sława Wielkopolska, Olekszyn];;opened;Lijewski;Lijewski podaje otwarcie odcinka Skoki-Olekszyn, natomiast w istocie odcinek Skoki-Sława Wielkopolska był już zbudowany.
10.XII.1913;[Gniezno Winiary, Obora Wielkopolska];;opened;Lijewski;
10.XII.1913;[Obora Wielkopolska, Dębnica Wielkopolska];;opened;Lijewski;
2.XII.1913;[Jastrzębie Zdrój, Jastrzębie Zdrój Moszczenica, Wodzisław Śląski];;opened;Lijewski;
3.XII.1913;[Fosowskie, Dobrodzień];;opened;Lijewski;
6.XII.1913;[Kępno Słupskie, Komnino, Ustka];;opened;Lijewski;
6.XII.1913;[Komnino, Siecie];;opened;Lijewski;
20.XII.1913;[Bolesławiec, Modła];;opened;Lijewski;
XX.??.1913;[Żelkowo, Siecie, Smołdzino];;closed;Atlas Kolejowy;
19.II.1914;[Wawer Wąskotorowy,Otwock Wąskotorowy,Karczew];;opened;Lijewski;
1.IV.1914;[Dębnica Wielkopolska, Kłecko];;opened;Lijewski;
1.V.1914;[Kłecko, Olekszyn];;opened;Lijewski;
1.V.1914;[Lubsko, Strużka Janiszowice];;opened;Lijewski;
1.V.1914;[Głuchołazy, Głuchołazy Zdrój];;opened;Atlas Kolejowy;https://www.atlaskolejowy.net/pl/opolskie/?id=linia&poz=302
1.V.1914;[Gdańsk Wrzeszcz, Kokoszki, Stara Piła];;opened;Lijewski;
15.V.1914;[Gołków, Grójec, Jasieniec];1000.0;opened;Lijewski;
15.VI.1914;[Marciszów, Kamienna Góra];;opened;Lijewski;
XX.VI.1914;[Wałbrzych Szczawienko, Szczawno Zdrój, Boguszów Gorce Wschód, Mieroszów, Mezimesti];;electrification;Semaforek;
22.VI.1914;[Jugowice, Walim];;opened;Lijewski;
1.VII.1914;[Węgorzewo, Ołownik, Darkehmen];;opened;Lijewski;Darkehmen to inaczej Darkiejmy lub Oziorsk.
XX.VII.1914;[Čadca, Makov];;opened;Semaforek;
XX.IX.1914;[Ostrava Svinov, Szumbark Śląski, Cieszyn Zachodni];;opened;Semaforek;
10.IX.1914;[Złotów, Węgierce, Jastrowie];;opened;Lijewski;
25.IX.1914;[Węgierce, Płytnica, Wałcz];;opened;Lijewski;
3.X.1914;[Tuchola, Pruszcz Bagienica];;opened;Lijewski;
31.XII.1914;[Lublin, Kraśnik, Rozwadów];;opened;Lijewski;
XX.??.1915;[Dobre Kujawskie, Straszewo, Aleksandrów Kujawski];750.0;opened;Lijewski;W przeciwieństwie do Lijewskiego, baza Pod-Semaforkiem wspomina stację pośrednią Straszewo.
XX.??.1914;[Straszewo, Koneck];750.0;opened;;
XX.??.1915;[Płowce, Jerzmanowo];600.0;opened;Lijewski;
XX.??.1922;[Płowce, Jerzmanowo];750.0;reconstruction;Semaforek;
XX.??.1915;[Boniewo, Krośniewice];600.0;opened;Lijewski;
XX.??.1922;[Boniewo, Krośniewice];750.0;reconstruction;Semaforek;
XX.??.1915;[Boniewo, Przystronie];600.0;opened;Lijewski;
XX.??.1922;[Boniewo, Przystronie];750.0;reconstruction;Semaforek;
XX.??.1915;[Piotrków Kujawski, Sompolno];600.0;opened;Lijewski;
XX.??.1923;[Piotrków Kujawski, Sompolno];750.0;reconstruction;Semaforek;
XX.??.1915;[Sompolno, Przystronie, Koło, Dąbie];600.0;opened;Lijewski;
XX.??.1923;[Sompolno, Przystronie, Koło, Dąbie];750.0;reconstruction;Semaforek;
XX.??.1914;[Opatówek, Żelazków, Zbiersk];750.0;opened;Lijewski;
5.I.1915;[Rudnica, Krzeszyce];;opened;Lijewski;
??.XI.1915;[Iwacewicze Wąskie Osobowe, Święta Wola, Długa, Janów Poleski Wąski];750.0;opened;Atlas Kolejowy;
??.XI.1915;[Janów Poleski Wąski, Lubieszów];750.0;opened;Atlas Kolejowy;
??.I.1916;[Lubieszów, Dalniki, Kamień Koszyrski Wąski];750.0;opened;Atlas Kolejowy;
??.??.1916;[Dalniki, Hrywiatki];750.0;opened;Atlas Kolejowy;
??.I.1916;[Święta Wola, Kraśnica];600.0;opened;Atlas Kolejowy;
??.XI.1915;[Długa, Telechany];600.0;opened;Atlas Kolejowy;
??.I.1916;[Telechany, Rzeczki];600.0;opened;Atlas Kolejowy;
1.X.1915;[Koryta, Łęczyca Wąskotorowa, Ozorków Wąskotorowy];600.0;opened;Atlas Kolejowy;Strona https://www.atlaskolejowy.net/pl/lodzkie/?id=linia&poz=1112
XX.??.1951;[Koryta, Łęczyca Wąskotorowa, Ozorków Wąskotorowy];750.0;reconstruction;Semaforek;
XX.??.1914;[Gosławice, Konin];600.0;opened;Lijewski;
XX.??.1955;[Gosławice, Konin];750.0;reconstruction;Semaforek;
16.III.1915;[Jędrzejów Wąskotorowy, Motkowice Wąskotorowe];600.0;opened;Lijewski;
XX.??.1955;[Jędrzejów Wąskotorowy, Motkowice Wąskotorowe];750.0;reconstruction;Semaforek;
1.III.1915;[Rogów Towarowy Wąskotorowy, Rawa Mazowiecka, Biała Rawska];600.0;opened;Atlas Kolejowy;Lijewski podaje niedokładną datę 1916/1917
1.III.1954;[Rogów Towarowy Wąskotorowy, Rawa Mazowiecka, Biała Rawska];750.0;reconstruction;;
XX.IV.1915;[Spychowo, Rozogi, Myszyniec];600.0;opened;;
15.VI.1915;[Ełk, Orzysz];;opened;Lijewski;
26.VI.1915;[Twardów, Czermin];;opened;Lijewski;
18.VII.1915;[Śliwno, Turowo Wielkopolskie];;opened;Lijewski;
XX.VII.1915;[Boguszów Gorce Wschód, Boguszów Gorce];;electrification;;
XX.??.1916;[Mława, Grudusk, Przasnysz Miasto];600.0;opened;Lijewski;
XX.??.1961;[Mława, Grudusk, Przasnysz Miasto];750.0;reconstruction;Semaforek;
XX.VIII.1915;[Przasnysz Miasto, Maków Mazowiecki];600.0;opened;;
XX.??.1961;[Przasnysz Miasto, Maków Mazowiecki];750.0;reconstruction;;
XX.IX.1915;[Ostrołęka, Grabowo, Chorzele, Wielbark];;opened;Lijewski;W przeciwieństwie do Pod-Semaforkiem i Atlasu Kolejowego, Lijewski nie wspomina stacji pośredniej Chorzeli.
9.X.1915;[Pobłocie Wielkie, Lubiechowo, Karlino Wąskotorowe];1000.0;opened;Lijewski;
9.X.1915;[Lubiechowo, Włościbórz];1000.0;opened;Lijewski;
1.VII.1915;[Konotop, Trzebiechów];;opened;Lijewski;
1.XI.1915;[Trzebiechów, Sulechów];;opened;Lijewski;
1.XII.1915;[Borzymy, Turowo];1000.0;opened;Lijewski;
??.??.1915;[Rydlewo, Ostrówce];;opened;Lijewski;Lijewski podaje budowę odcinka Żnin-Ostrowo, ale odcinek Żnin Wąskotorowy-Rydlewo był już otwarty od 1894 roku.
XX.??.1951;[Borzymy, Turowo];750.0;reconstruction;Semaforek;
??.??.1915;[Krośniewice, Dzierzbice Kutnowskie];;opened;Lijewski;
XX.??.1915;[Laukszargen, Taurage, Šilenai];;opened;Semaforek;
XX.??.1915;[Šiauliai, Joniškis, Jelgava];;opened;Semaforek;
XX.??.1915;[Memel, Kretinga, Skuodas, Priekule];;opened;Semaforek;
XX.??.1915;[Głębokie, Królewszczyzna];;opened;Semaforek;
XX.??.1915;[Suwałki, Olecko];;opened;Lijewski;
XX.??.1915;[Śniadowo, Łomża];;opened;Lijewski;
XX.??.1915;[Bąkowiec, Wysokie Koło];;opened;Lijewski;
XX.??.1915;[Bąkowiec, Kozienice];;opened;Lijewski;
XX.??.1915;[Tomaszów Mazowiecki, Spała];;opened;Lijewski;
XX.??.1915;[Olza, Bluszczów, Syrynia, Pszów];;opened;Lijewski;Lijewski nie wspomina Syryni, która pojawia się jako stacja pośrednia w Atlasie Kolejowym i Pod-Semaforkiem.
XX.??.1915;[Włodzimierz Wołyński, Sokal];;opened;;
XX.??.1915;[Krystynopol, Sapieżanka];;opened;;
XX.??.1915;[Ostrowiec Świętokrzyski, Sandomierz];;opened;Lijewski;
XX.??.1916;[Rejowiec, Krasnystaw, Zawada, Zwierzyniec, Bełżec];;opened;Lijewski;
XX.??.1915;[Zawada, Zamość, Werbkowice, Hrubieszów, Włodzimierz Wołyński, Wojnica];;opened;Lijewski;Lijewski wymienia tylko stacje do Władzimierza Wołyńskiego.
XX.??.1915;[Kowel, Kamień Koszyrski];;opened;Semaforek;
XX.??.1915;[Zbaraż, Łanowce, Šhepetovka];;opened;Semaforek;
XX.??.1916;[Zbiersk, Turek];750.0;opened;Lijewski;
04.05.1915;[Grabowo Wąskotorowe, Ostrołęka Północna Wąskotorowa, Myszyniec, Dęby, Kolno];600.0;opened;Lijewski;
04.05.1915;[Myszyniec, Spychowo];600.0;opened;Lijewski;
XX.??.1916;[Dęby, Nowogród];600.0;opened;Lijewski;
??.??.1915;[Koryta,Łęczyca Wąskotorowa,Ozorków Wąskotorowy];;opened;Lijewski;Lijewski podaje błędnie, że otwarty odcinek rozpoczynał się w Krośniewicach - tymczasem kolej dochodziła już od 1910 roku do Koryt - stacji na odcinku Krośniewice-Łęczyca.
??.??.1915;[Ozorków Wąskotorowy,Stryków Przeładownia];;opened;Lijewski;
??.??.1915;[Most Krzewie, Krzewata];;opened;Lijewski;
??.??.1916;[Struga, Zegrze];;opened;Lijewski;
??.??.1916;[Bełżec Wąskotorowy,Tomaszów Lubelski Wąskotorowy, Budy Dzierążeńskie];;opened;Lijewski;
XX.I.1916;[Świebodzice, Wałbrzych Szczawienko, Wałbrzych, Boguszów Gorce Wschód];;electrification;Semaforek;
1.V.1916;[Wołów, Rataje];;opened;Lijewski;
15.V.1916;[Prabuty, Myślice];;opened;Lijewski;
30.VII.1916;[Lidzbark Warmiński, Szwaruny];;opened;Lijewski;
1.VII.1916;[Szwaruny, Lidzbark Warmiński];;opened;Lijewski;
15.IX.1916;[Leszno, Góra Śląska, Krzelów];;opened;Lijewski;
2.X.1916;[Mogilno, Kwieciszewo];;opened;Lijewski;
15.X.1916;[Motkowice Wąskotorowe, Umianowice, Stawiany Pińczowskie, Bogoria];;opened;Lijewski;Dokładna data podana za Atlasem Kolejowym (https://www.atlaskolejowy.net/pl/swietokrzyskie/?id=linia&poz=124). Lijewski podaje budowę odcinka od Jędrzejowa, natomiast odcinek Jędrzejów Wąskotorowy-Motkowice Wąskotorowe był już otwarty w 1915 roku.
XX.??.1950;[Motkowice, Umianowice, Bogoria];750.0;reconstruction;Semaforek;
23.X.1916;[Kwieciszewo, Gębice];;opened;Lijewski;
15.XII.1916;[Rataje, Lubiąż];;opened;Lijewski;
20.XII.1916;[Bogoria, Iwaniska];;opened;Lijewski;Dokładna data podana za Atlasem Kolejowym (https://www.atlaskolejowy.net/pl/swietokrzyskie/?id=linia&poz=196).
??.??.1916;[Lubicz Wąskotorowy, Lipno Płockie, Sierpc Wąskotorowy, Płońsk, Nasielsk];;opened;Lijewski;Odcinek Sierpc-Płońsk-Nasielsk był pierwotnie wąskotorowy i w 1924 roku zastąpiono go koleją normalnotorową (https://www.atlaskolejowy.net/pl/mazowieckie/?id=linia&poz=512).
XX.??.1916;[Charsznica, Miechów, Działoszyce];600.0;opened;Lijewski;
XX.??.1950;[Charsznica, Miechów, Działoszyce];750.0;reconstruction;Semaforek;
XX.??.1916;[Nałęczów, Karczmiska, Rozalin, Opole Lubelskie];750.0;opened;Lijewski;
XX.??.1916;[Karczmiska, Wilków Wąskotorowy];750.0;opened;Lijewski;
XX.??.1916;[Zawisna, Praszka, Wieluń];750.0;opened;Lijewski;W przewieństwie do Pod-Semaforkiem, Lijewski nie wspomina stacji pośredniej Praszka.
XX.??.1916;[Werbkowice Wąskotorowe, Łaszczów, Byków Wąskotorowy, Uhnów];760.0;opened;Lijewski;
XX.??.1916;[Werbkowice, Strzyżów Hrubieszowski];760.0;opened;;
??.??.1916;[Werbkowice Wąskotorowe, Gozdów, Hrubieszów Wąskotorowy, Dziekanów, Matcze];;opened;Lijewski;
??.??.1916;[Łaszczów, Wożuczyn];;opened;Lijewski;
??.??.1916;[Gozdów, Uchanie, Wojsławice];;opened;Lijewski;
XX.??.1916;[Zwierzyniec, Biłgoraj];600.0;opened;Lijewski;
??.??.1916;[Nowojelnia Wąska, Łopuszno, Skrzydlewo, Horodeczno, Lubcz];600.0;opened;Atlas Kolejowy;
??.??.1922;[Skrzydlewo, Nowogródek];600.0;opened;Atlas Kolejowy;
??.??.1916;[Orańczyce Wąskie, Prużana];600.0;opened;Atlas Kolejowy;
??.??.1916;[Dukszty, Dukszty Wąskotorowe, Opsa, Brasław, Druja Wąska];750.0;opened;Atlas Kolejowy;
XX.??.1964;[Zwierzyniec, Biłgoraj];750.0;reconstruction;Semaforek;
XX.??.1916;[Bogoria, Staszów Wąskotorowy];600.0;opened;Lijewski;
17.01.1916;[Łyntupy Wąskie, Olszew];750.0;opened;Atlas Kolejowy;
29.02.1916;[Olszew, Kobylnik];750.0;opened;Atlas Kolejowy;
XX.??.1950;[Bogoria, Staszów Wąskotorowy];750.0;reconstruction;Semaforek;
5.II.1917;[Grójec, Kozietuły];1000.0;opened;Lijewski;
25.II.1917;[Kozietuły, Mogielnica];1000.0;opened;Lijewski;
XX.IV.1917;[Świebodzice, Jaworzyna Śląska];;electrification;;
1.XII.1917;[Lubin, Chocianów];;opened;Lijewski;
XX.??.1917;[Biała Podlaska, Roskosz];750.0;opened;Lijewski;
XX.??.1917;[Roskosz, Konstantynów];750.0;opened;Lijewski;
XX.??.1917;[Roskosz, Rokitno];750.0;opened;Lijewski;
XX.??.1920;[Kocmyrzów, Posądza];600.0;opened;Lijewski;
XX.??.1950;[Kocmyrzów, Posądza];750.0;reconstruction;Semaforek;
XX.??.1917;[Kalisz, Żelazków];750.0;opened;Lijewski;
??.??.1917;[Krynki Wąskotorowe, Myszanka, Krzywoszyn];;opened;Atlas Kolejowy;
XX.I.1918;[Górki, Zajączkowo Tczewskie];;opened;;
??.??.1916;[Piekło, Będzin Grodziec, Będzin Wojkowice, Brzeziny Śląskie];;opened;Lijewski;Lijewski wskazuje tylko otwarcie odcinku Piekło-Wojkowice. Pozostałe stacje dodane na podstawie Atlasu Kolejowego.
16.VI.1919;[Sulechów, Świebodzin];;opened;Lijewski;
XX.XI.1919;[Zamostne, Prusewo];;closed;;
XX.??.1925;[Ciechanów, Grudusk];600.0;opened;Lijewski;
XX.??.1961;[Ciechanów, Grudusk];750.0;reconstruction;Semaforek;
XX.??.1925;[Ciechanów, Pałuki];;opened;Lijewski;Lijewski odnotowuje, że początkowo linia została otwarta jako kolejka cukrowniana, otwarta dla ruchu publicznego dopiero w 1949 roku.
XX.VII.1920;[Boguszów Gorce, Sędzisław, Marciszów, Jelenia Góra];;electrification;;
1.05.1921;[Sompolno, Ślesin, Sławoszewek];600.0;opened;Lijewski;Data pochodzi z Atlasu Kolejowego (https://www.atlaskolejowy.net/pl/wielkopolskie/?id=linia&poz=1113).
XX.??.1955;[Sompolno, Ślesin, Sławoszewek];750.0;reconstruction;Semaforek;
1.05.1921;[Sławoszewek, Cegielnia];;opened;Lijewski;Data pochodzi z Atlasu Kolejowego (https://www.atlaskolejowy.net/pl/wielkopolskie/?id=linia&poz=1113).
3.III.1920;[Jeziernik, Żuławki Północne];;opened;Lijewski;
9.X.1920;[Mogielnica,Brzostowiec];;opened;Lijewski;
XX.??.1920;[Wielbark, Chorzele];;closed;Semaforek;
XX.??.1920;[Radomno, Iława];;closed;Semaforek;
XX.??.1920;[Zawadzka Wola, Kisielice];;closed;Semaforek;
XX.??.1920;[Kętrzyno, Nawcz];;closed;Semaforek;
XX.??.1920;[Lipusz, Róg];;closed;Semaforek;
XX.??.1920;[Chojnice, Brzeźno];;closed;Semaforek;
XX.??.1920;[Dorotowo, Kujan];;closed;Semaforek;
XX.??.1920;[Dziembówko, Piła];;closed;Semaforek;
XX.??.1920;[Mirosław, Ujście];;closed;Semaforek;
XX.??.1920;[Międzychód, Wierzbno];;closed;Semaforek;
XX.??.1920;[Kopanica, Kargowa];;closed;Semaforek;
XX.??.1920;[Kębłowo, Świętno];;closed;Semaforek;
XX.??.1920;[Leszno, Witoszyce];;closed;Semaforek;
XX.??.1920;[Bojanowo, Zaborowo];;closed;Semaforek;
XX.??.1920;[Rawicz, Wodniki];;closed;Semaforek;
XX.??.1920;[Ostrowąsy Milickie, Sulmierzyce];;closed;Semaforek;
XX.??.1920;[Gęsia Górka, Syców];;closed;Semaforek;
XX.??.1920;[Rychtal, Bukowa Śląska];;closed;Semaforek;
XX.??.1920;[Zawisna, Praszka];;closed;Semaforek;
XX.??.1920;[Lubliniec, Ciasna];;closed;Semaforek;
XX.??.1920;[Orzegów, Zabrze Biskupice];;closed;Semaforek;
XX.??.1920;[Orzegów, Bytom];;closed;Semaforek;
XX.VIII.1921;[Sędzisław, Kamienna Góra, Lubawka];;electrification;Semaforek;
XX.XI.1921;[Kutno, Krzewie, Kłodawa, Koło, Konin, Słupca, Strzałkowo];;opened;Lijewski;
XX.XI.1921;[Kokoszki, Osowa, Gdynia Wielki Kack, Gdynia Główna];;opened;Lijewski;W przeciwieństwie do Lijewskiego, baza Pod-Semaforkiem wspomina stację pośrednią Gdynia Wielki Kack.
XX.XI.1921;[Korzybie, Polanów];;opened;Lijewski;
XX.??.1921;[Gębice, Orchowo];;opened;Lijewski;
??.??.1921;[Rokitno, Cieleśnica];;opened;Lijewski;
XX.??.1921;[Opalenie, Kwidzyn];;closed;Semaforek;
XX.??.1921;[Ostki, Olewsk];;closed;Semaforek;
XX.??.1921;[Łanowce, Lepešovka];;closed;Semaforek;
XX.I.1922;[Kutno, Gostynin, Płock Radziwie];;opened;Lijewski;
XX.I.1922;[Nowogród, Łomża];600.0;opened;Lijewski;
XX.IV.1922;[Wrocław Sołtysowice, Dobrzykowice Wrocławskie];;opened;Lijewski;
XX.VII.1922;[Krasnołąka, Zakrzów];;closed;Semaforek;
XX.VII.1922;[Uzdowo, Brzeźno Mazurskie];;closed;Semaforek;
16.IX.1922;[Swarzewo, Władysławowo, Hel];;opened;Lijewski;Lijewski pisze o otwarciu odcinka Puck-Hel, jednak odcinek Puck-Swarzewo istniał już od 1903 roku. Władysławowo dodane na bazie Atlasu Kolejowego.
18.IX.1922;[Sochaczew, Tułowice Sochaczewskie, Wyszogród];750.0;opened;Lijewski;
??.??.1922;[Sosnowiec Południowy, Sosnowiec Główny];;opened;Lijewski;
??.??.1922;[Rokitno, Janów Podlaski];;opened;Lijewski;
XX.??.1922;[Jelenia Góra, Gryfów Śląski, Lubań Śląski];;electrification;Semaforek;
XX.??.1922;[Zawiasy, Vievis];;closed;Semaforek;
XX.??.1922;[Orany, Alytus];;closed;Semaforek;
XX.??.1922;[Trakiszki, Šeštokai];;closed;Semaforek;
XX.??.1922;[Rozogi, Myszyniec];;closed;Semaforek;
XX.??.1922;[Borzykowo, Pyzdry];600.0;opened;Lijewski;
XX.??.1922;[Rzepedź, Smolnik];760.0;opened;;
??.??.1922;[Sierpc Wąskotorowy, Rypin Wąskotorowy];;opened;Lijewski;
XX.II.1923;[Jelenia Góra, Szklarska Poręba, Kořenov];;electrification;Semaforek;
XX.V.1923;[Malczyce, Lubiąż];;opened;Lijewski;
XX.IX.1923;[Lubań Śląski, Zgorzelec Ujazd, Zgorzelec Ujazd];;electrification;Semaforek;
XX.XI.1923;[Gołdap, Dubieninki];;opened;Lijewski;
XX.XI.1923;[Staszów Wąskotorowy, Rataje Wąskotorowe, Szczucin koło Tarnowa Wąskotorowy];600.0;opened;Lijewski;
XX.??.1950;[Staszów Wąskotorowy, Rataje Wąskotorowe, Szczucin koło Tarnowa Wąskotorowy];750.0;reconstruction;Semaforek;
18.IX.1922;[Tułowice Sochaczewskie, Piaski Królewskie];750.0;opened;Lijewski;
??.??.1922;[Myszanka, Suchowiersze, Leśna Wąska Towarowa];750.0;opened;Atlas Kolejowy;
??.??.1922;[Baranowicze Poleskie Wąskie, Myszanka];750.0;opened;Atlas Kolejowy;
1.VI.1924;[Chorzów Batory, Ruda Kochłowice];;opened;Lijewski;
30.VI.1924;[Nasielsk, Płońsk, Sierpc];;reconstruction;Atlas Kolejowy;Lijewski podaje otwarcie odcinka, ale nie wspomina, że był od przebudowany - informacja z Atlasu Kolejowego (https://www.atlaskolejowy.net/pl/mazowieckie/?id=linia&poz=512).
20.IX.1924;[Brzostowiec, Nowe Miasto nad Pilicą];;opened;Lijewski;
XX.XI.1924;[Pawłowice Śląskie, Chybie];;opened;Lijewski;
XX.??.1924;[Šeštokai, Marijampole, Kazlu Ruda];;opened;Semaforek;
??.??.1924;[Przasnysz, Krasne Wąskotorowe, Szwejki];;opened;Lijewski;
??.??.1924;[Szwejki, Gołymin-Ośrodek];;opened;Lijewski;
XX.VIII.1925;[Działoszyce, Kazimierza Wielka];600.0;opened;Lijewski;
XX.??.1950;[Działoszyce, Kazimierza Wielka];750.0;reconstruction;Semaforek;
XX.VIII.1925;[Cudzynowice, Wiślica, Pińczów];600.0;opened;;
XX.??.1950;[Cudzynowice, Wiślica, Pińczów];750.0;reconstruction;Semaforek;
15.VII.1925;[Syrynia, Brzezie nad Odrą];;opened;Lijewski;Lijewski pisze o otwarciu odcinka Bluszczów-Brzezie - jednak w rzeczywistości odcinek Brzezie-Syrynia został już otwarty w 1915 roku.
XX.X.1925;[Słobity, Dobry Pomorski];;opened;Lijewski;
XX.X.1925;[Miłkowice, Wielkie Piekary];;opened;;
XX.XI.1925;[Kisielice, Biskupiec Pomorski Miasto];;opened;Lijewski;
5.XI.1925;[Chorzów Stary, Brzeziny Śląskie, Piekary Śląskie Szarlej];;opened;Lijewski;
16.XII.1925;[Zgierz, Ozorków, Łęczyca, Kutno];;opened;Lijewski;
1.V.1926;[Brzeźno Człuchowskie, Wierzchowo Człuchowskie];;opened;Lijewski;
25.VII.1926;[Środa Śląska, Środa Śląska Rynek];;opened;Lijewski;
1.X.1926;[Dobry Pomorski, Orneta];;opened;Lijewski;
1.XI.1926;[Kalety, Strzebiń, Herby Nowe, Wieluń, Wieruszów];;opened;Lijewski;Strzebiń dodany jako stacja pośrednia na podstawie Atlasu Kolejowego (https://www.atlasdrah.net/pl/slaskie/?id=linia&poz=401).
XX.XI.1926;[Herby Nowe, Herby Stare];;opened;;
XX.XI.1926;[Dubieninki, Błąkały];;opened;Lijewski;
XX.XII.1926;[Rataje Wąskotorowe, Szczucin koło Tarnowa];600.0;opened;;
XX.??.1950;[Rataje Wąskotorowe, Szczucin koło Tarnowa];750.0;reconstruction;Semaforek;
XX.XII.1926;[Posądza, Proszowice, Kazimierza Wielka];600.0;opened;Lijewski;W przeciwieństwie do Lijewskiego, baza Pod-Semaforkiem wspomina stację pośrednią Proszowice.
XX.??.1950;[Posądza, Proszowice, Kazimierza Wielka];750.0;reconstruction;Semaforek;
XX.??.1926;[Opalenie, Kwidzyn];;closed;Semaforek;
??.??.1926;[Umianowice, Pińczów, Kazimierza Wielka];;opened;Lijewski;
XX.??.1926;[Kužiai, Telšiai];;opened;Semaforek;
1.I.1927;[Wrocław Muchobór, Wrocław Zachodni];;opened;Lijewski;Dawna nazwa Wrocława Zachodniego to Muchobór Wielki.
1.X.1927;[Błąkały, Żytkiejmy];;opened;Lijewski;
29.X.1927;[Mikułowa, Sulików];;opened;Lijewski;
1.XII.1929;[Warszawa Marszałkowska, Warszawa Szczęśliwice, Podkowa Leśna, Grodzisk Mazowiecki];;opened;Lijewski;
1.I.1927;[Chybie, Skoczów];;opened;Lijewski;
XX.I.1928;[Jaworzyna Śląska, Wrocław Świebodzki];;electrification;Semaforek;
15.III.1928;[Ustroń, Ustroń Polana];;opened;Lijewski;
XX.IV.1928;[Lubań Śląski, Węgliniec];;electrification;Semaforek;
15.V.1928;[Bydgoszcz Wschód, Maksymilianowo];;opened;Lijewski;
XX.VI.1928;[Lubań Śląski, Leśna];;electrification;Semaforek;
30.VIII.1928;[Lwówek Wąskotorowy, Komorowo Wielkopolskie];;opened;Lijewski;
XX.X.1928;[Zabrze Mikulczyce, Tworóg Brynek];;opened;Lijewski;
XX.X.1928;[Czersk, Bąk, Kościerzyna];;opened;Lijewski;
XX.XI.1928;[Olesno, Zawisna];;opened;;
XX.XI.1928;[Olesno, Zawisna];;closed;Semaforek;
XX.VIII.1929;[Ustroń Polana, Wisła Uzdrowisko];;opened;Lijewski;
XX.IX.1929;[Lutol Suchy, Trzciel Zachodni];;opened;Lijewski;
XX.??.1929;[Warszawa Gdańska, Łomianki, Palmiry];;opened;Lijewski;W przeciwieństwie do Lijewskiego, baza Pod-Semaforkiem wspomina stację pośrednią Łomianki.
XX.I.1930;[Ciechanów, Krasne Wąskotorowe];600.0;opened;;
XX.??.1961;[Ciechanów, Krasne Wąskotorowe];750.0;reconstruction;Semaforek;
8.XI.1930;[Herby Nowe, Chorzew Siemkowice, Zduńska Wola Karsznice, Zduńska Wola Karsznice];;opened;Lijewski;
9.XI.1930;[Maksymilianowo, Wierzchucin, Lipowa Tucholska, Bąk];;opened;Lijewski;W przeciwieństwie do Lijewskiego, baza Pod-Semaforkiem wspomina stację pośrednią Lipowa Tucholska.
XX.XI.1930;[Lipowa Tucholska, Szlachta];;opened;;
9.XI.1930;[Somonino, Osowa];;opened;Lijewski;
21.XII.1930;[Nowa Wieś Wielka, Bydgoszcz Wschód];;opened;Lijewski;
XX.??.1930;[Koluszki, Budziszewice Łódzkie];;opened;Lijewski;
XX.??.1930;[Stojanów, Sienkiewiczówka, Łuck];;opened;;
15.I.1931;[Szczecin Gumieńce, Szczecin Turzyn];;opened;Lijewski;
15.V.1931;[Sandomierz, Grębów];;opened;Lijewski;
XX.X.1931;[Srebrna Góra, Wolibórz];;closed;Semaforek;
15.XI.1931;[Łódź Widzew, Zgierz];;opened;Lijewski;
17.VII.1932;[Warszawa Szczęśliwice, Warszawa Włochy];;opened;Lijewski;
2.VIII.1932;[Strzebiń, Woźniki Śląskie];;opened;Lijewski;Lijewski podaje otwarcie odcinka Kalety-Woźniki Śląskie, natomiast odcinek Kalety-Strzebiń został otwarty już w 1926 roku.
20.X.1932;[Warszawa Włochy, Warszawa Gołąbki];;opened;Lijewski;
XX.XII.1932;[Jelenia Góra, Mysłakowice, Kowary, Kamienna Góra];;electrification;Semaforek;
XX.??.1932;[Woropajewo, Druja];;opened;Semaforek;
XX.??.1932;[Telšiai, Plunge, Kretinga];;opened;Semaforek;
1.III.1933;[Zduńska Wola Karsznice, Poddębice, Dąbie, Piotrków Kujawski, Inowrocław];;opened;Lijewski;
2.IX.1933;[Warszawa Zachodnia, Warszawa Śródmieście, Warszawa Wschodnia];;opened;Lijewski;Lijewski podaje tylko połączenie stacji Warszawa Śródmieście i Warszawa Wschodnia.
2.IX.1933;[Warszawa Rembertów, Zielonka];;opened;Lijewski;
3.IX.1933;[Wisła Uzdrowisko, Wisła Głębce];;opened;Lijewski;
XX.??.1933;[Dargoleza, Cecenowo];;closed;Semaforek;
XX.VI.1934;[Mysłakowice, Karpacz];;electrification;Semaforek;
1.VII.1934;[Kędzierzyn Koźle, Leśnica];;opened;Lijewski;
10.XI.1934;[Zebrzydowice, Cieszyn];;opened;Lijewski;
10.XI.1934;[Sierpc, Płock];;opened;Lijewski;
24.XI.1934;[Kraków Główny, Kraków Batowice, Miechów, Tunel];;opened;Lijewski;
25.XI.1934;[Warszawa Zachodnia, Piaseczno Miasto, Warka, Radom];;opened;Lijewski;
XX.XII.1934;[Sławno, Jacinki, Polanów];;opened;;
XX.XII.1934;[Sławno, Jacinki];;closed;Semaforek;
XX.??.1934;[Srebrna Góra, Wolibórz];;closed;Semaforek;
XX.??.1934;[Porzecze, Druskienniki];;opened;;
4.X.1935;[Skwierzyna, Lipki Wielkie];;opened;Lijewski;
16.XI.1935;[Zebrzydowice, Jastrzębie Zdrój Moszczenica];;opened;Lijewski;
XX.??.1935;[Łubowo, Borne Sulinowo];;opened;Lijewski;
XX.??.1935;[Słupsk, Kępno Słupskie, Żelkowo, Dargoleza];;opened;;
XX.??.1935;[Słupsk, Kępno Słupskie, Żelkowo, Dargoleza, Cecenowo];;closed;Semaforek;
15.V.1936;[Szczecin Gumieńce, Szczecin Dąbie];;opened;Lijewski;
11.VI.1936;[Leśnica, Strzelce Opolskie];;opened;Lijewski;
5.VIII.1936;[Lipki Wielkie, Stare Bielice, Krzyż];;opened;Lijewski;Stacja pośrednia Stare Bielice dodana na podstawie Atlasu Kolejowego (https://www.atlaskolejowy.net/pl/lubuskie/?id=linia&poz=13 ORAZ https://www.atlaskolejowy.net/pl/lubuskie/?id=linia&poz=41).
22.VIII.1936;[Wieliszew, Radzymin, Tłuszcz];;opened;Lijewski;
1.X.1936;[Podkowa Leśna, Milanówek];;opened;Lijewski;
21.XI.1936;[Rybnik, Żory];;opened;Lijewski;
XX.XII.1936;[Pruszków, Warszawa Zachodnia, Warszawa Wschodnia, Otwock];;electrification;Semaforek;
XX.??.1932;[Warszawa Gołąbki, Pruszków];;opened;Lijewski;
XX.??.1936;[Działdowo, Krasnołąka];;closed;;
XX.??.1936;[Turza Wielka, Uzdowo];;closed;;
XX.I.1937;[Gdynia Chylonia, Gdynia Port Oksywie];;opened;Lijewski;
23.I.1937;[Sierpc, Lipno, Lubicz];;opened;Lijewski;
XX.V.1937;[Pruszków, Grodzisk Mazowiecki];;electrification;Semaforek;
22.VII.1937;[Zawiercie, Poręba];;opened;Lijewski;
XX.IX.1937;[Grodzisk Mazowiecki, Żyrardów];;electrification;Semaforek;
25.IX.1937;[Sierpc, Rypin, Brodnica];;opened;Lijewski;
25.X.1937;[Bukowa Śląska, Pawłowice Namysłowskie];;opened;Lijewski;
XX.XII.1937;[Warszawa Wschodnia, Mińsk Mazowiecki];;electrification;;
XX.XII.1937;[Stablack, Preußisch Eylau];;opened;;
XX.??.1937;[Zawiasy, Vievis];;opened;;
17.01.1916;[Olszew, Narocz];750.0;opened;Atlas Kolejowy;
XX.X.1938;[Heiligenbeil, Zinten];;opened;;
21.XI.1938;[Żory, Pszczyna];;opened;Lijewski;
19.XII.1938;[Płock Radziwie, Płock];;opened;Lijewski;
??.??.1938;[Tarnobrzeg, Ocice];;opened;Lijewski;
XX.??.1938;[Ocice, Dęba Rozalin];;opened;Lijewski;
XX.??.1938;[Rozalin, Poniatowa];750.0;opened;Lijewski;
??.I.1939;[Bukowno, Szczakowa];;opened;Lijewski;
XX.II.1939;[Legionowo Piaski, Nasielsk];;opened;;
1.III.1939;[Pawłowice Namysłowskie, Gołębice];;opened;Lijewski;
XX.III.1939;[Sianki, Tűzhegy];;closed;Semaforek;
??.IV.1939;[Częstochowa, Chorzew Siemkowice];;opened;Lijewski;
